Name;Length;WingSpan;WingArea;EmptyMass;MaxFuelMass;CritAirSpd;CritAirSpdMach;CritGearSpd;CombatFlaps;TakeoffFlaps;CritFlapsSpd;CritWingOverload;NumEngines;MaxNitro;NitroConsum;CritAoA
a-20g;14.63;18.693;43.1812;7742;1090;696;0.703;296;20;33;0.1,445,1,296;-131700,263400;2;0;0;16,-15.5,14.5,-13
a-26b;15.469;21.336;50.214;10332;2522;718;0.71;270;20;33;0.1,527,1,351;-322000,445000;2;162.8;0.09;15.5,-15,12.5,-12
a-26b_10;15.469;21.336;50.214;10192;2522;718;0.71;270;20;33;0.1,527,1,351;-322000,445000;2;0;0;15.5,-15,12.5,-12
a-26c;15.621;21.336;50.214;10340;2182.1;718;0.71;270;20;33;0.1,527,1,351;-322000,445000;2;162.8;0.09;15.5,-15,12.5,-12
a2d;12.5984;15.24;37.254;7397;1362;875;0.82;301;20;33;0,600,0.21,420,0.33,351,1,301;-191615,415165;2;0;0;18,-18,16.5,-17.2
a5m4;7.565;11;17.8;1354;172.8;558;1.1;558;20;33;0.1,420,1,220;-38000,102000;1;0;0;17.2,-17,14.1,-20
a6m2_mod11;9.05;11.8;22.438;1768.63;401.25;660;0.83;310;20;33;0.1,510,1,280;-84523.2,149473;1;0;0;17,-14.5,16.5,-13
a6m2_n_zero;9.05;11.8;22.14;1806.5;480.25;650;0.83;550;20;33;0.1,520.4,1,320.4;-127138,151757;1;0;0;17,-14.5,16.5,-13
a6m2_zero;9.05;11.8;22.438;1848.5;401.25;660;0.83;310;20;33;0.1,510,1,280;-84523.2,149473;1;0;0;17,-14.5,16.5,-13
a6m3_mod22_zero;9.05;12;22.438;1914;588;703;0.79;240;20;33;0.1,420,1,220;-79507.4,175027;1;0;0;17,-14.5,16.5,-13
a6m3_zero;9.05;11;21.838;1854;480;703;0.83;290;20;33;0.1,420,1,220;-79507.4,175027;1;0;0;17,-14.5,16.5,-13
a6m5_hei;9.05;11;21.3;2337.24;690.2;740;0.83;300;20;33;0.1,420,1,220;;1;0;0;17,-14.5,16.5,-13
a6m5_ko_otsu;9.05;11;21.3;1923;588;740;0.83;300;20;33;0.1,420,1,220;-79507.4,182256;1;0;0;17,-14.5,16.5,-13
a6m5_zero;9.05;11;21.3;1925;588;670;0.83;300;20;33;0.1,420,1,220;-79507.4,182256;1;0;0;17,-14.5,16.5,-13
a6m6c;9.05;11;21.3;2337.24;690.2;740;0.83;300;20;33;0.1,420,1,220;-2.14744e+09,2.14744e+09;1;70;0.1577;17,-14.5,16.5,-13
a7he1;9.3;9.1;16.98;1911;200;730;0.8;450;20;33;0.1,520.4,1,320.4;-148989,148989;1;0;0;17.2,-17,14.1,-20
a7m1;10.984;14;30.72;3164;613;826;0.83;310;20;33;0.1,510,1,280;-195878,241668;1;116;0.0942;17.57,-17.7,16,-15
a7m2;10.984;14;30.72;3284;613;826;0.87;310;20;33;0.1,510,1,280;-184523,237699;1;116;0.0942;17.57,-17.7,16,-15
ab_205a_1;12.98;3.2;0.06;2200;833;450;0.79;420;0;0;;-100000,250000;1;0;0;28.6,-28,22.6,-21
ah-64d;8.257;11.22;22.4;1836;305;590;0.8;590;0;0;;-67538,157588;1;0;0;20,-12,20,-12
ah_1f;17.51;3.2;1.8;2970;833;450;0.79;420;0;0;;-100000,250000;1;0;0;28.6,-28,22.6,-21
ah_1g;17.51;3.2;1.8;2780;707;450;0.79;420;0;0;;-100000,250000;1;0;0;28.6,-28,22.6,-21
ah_1s;17.51;3.2;1.8;2970;833;450;0.79;420;0;0;;-100000,250000;1;0;0;28.6,-28,22.6,-21
ah_1z;16;4;4.2;5580;1216;460;0;420;0;0;;-70000,130000;2;0;0;28.6,-28,22.6,-21
ah_64a;16;4.9;4.8;5060;1100;460;0.79;420;0;0;;-70000,130000;2;0;0;28.6,-28,29.6,-28
ah_64d;16;4.9;4.8;5320;1100;460;0.79;420;0;0;;-70000,130000;2;0;0;28.6,-28,29.6,-28
ah_64d_japan;16;4.9;4.8;5320;1100;460;0.79;420;0;0;;-70000,130000;2;0;0;28.6,-28,29.6,-28
ah_mk1;16;4.9;4.8;5460;1100;460;0.79;420;0;0;;-70000,130000;2;0;0;28.6,-28,29.6,-28
aichi_e13a;11.49;14.5;36;2297;1010;450;0.83;550;20;33;0.1,520.4,1,320.4;-127138,171757;1;0;0;17,-14.5,16.5,-13
am-1_mauler;12.75;15.26;46.0852;6910;1388;805;0.8;700;20;33;0.2,420,0.33,350,1,300;-255476,510952;1;92;0.0625;18.5,-10,16.5,-18.5
arado-196a-3;10.98;12.44;28.5;2631;288;570;0.6;550;20;33;0.1,520.4,1,320.4;-127138,151757;1;0;0;17,-14.5,16.5,-13
arado-196a-3;10.98;12.44;28.5;2631;288;570;0.6;550;20;33;0.1,520.4,1,320.4;-127138,151757;1;0;0;17,-14.5,16.5,-13
arado-234;12.65;14.41;26.8;3735;3000;1000;0.82;400;20;33;0.1,550,1,350;-132931,290000;2;0;0;18,-16,14,-12
arado-234c-3;12.65;14.41;26.8;6700;3100;1000;0.82;400;20;33;0.1,550,1,350;-182931,400000;4;0;0;18,-16,14,-12
arado-234_hockey;12.65;14.41;26.8;3735;3000;1000;0.82;400;20;33;0.1,550,1,350;-132931,290000;2;0;0;18,-16,14,-12
ar_2;12.78;18;48.21;5270;950;650;0.75;350;20;33;0.1,320,1,280;-152055,273699;2;0;0;17,-12,15,-19
attaker_fb1;11.58;11.277;20.88;4400;1038;985;0.84;351;20;33;0.1,1000,1,987;-170000,295000;1;0;0;16.1,-14,14.5,-17
avenger_mk1;12.484;16.56;45.4;5202.85;0;583;1.1;0;20;33;;-521529,521529;1;0;0;12.9,-16.2,11.755,-17.493
av_8a;14.3;7.7;18.6;5570;2335;1191;1.25;648;0;33;0.2,973,0.32,833,1,556;-220000,560000;1;223;2.4;21,-21,21,-20
av_8c;14.3;7.7;18.6;5570;2335;1191;1.25;648;0;33;0.2,973,0.32,833,1,556;-220000,560000;1;223;2.4;21,-21,21,-20
a_109_eoa2;16;3.4;0.6;1560;450;420;0.79;420;0;0;;-70000,130000;2;0;0;28.6,-28,22.6,-21
a_129_a;16;3.4;2.4;3100;933;460;0.79;420;0;0;;-70000,130000;2;0;0;28.6,-28,22.6,-21
a_129_cbt;16;3.4;2.4;3160;933;460;0.79;420;0;0;;-70000,130000;2;0;0;28.6,-28,22.6,-21
a_129_int;16;3.4;2.4;3100;933;460;0.79;420;0;0;;-70000,130000;2;0;0;28.6,-28,22.6,-21
a_29_hudson;13.51;19.96;51.18;5985;1754;564;0.65;235;20;33;0.1,340,1,235;-198000,396000;2;0;0;17,-13,16.5,-12
a_35b;12.1158;14.63;30.8438;5322;780;702;0.69;278;20;33;0.1,430,0.33,290,1,278;-180290,451100;1;0;0;16.2,-14,14.3,-8
a_4b;11.9967;8.382;24.1548;4439;2467.5;1167;1.281;437;20;33;0.1,615,1,410;-152500,291900;1;0;0;23,-22.5,21,-23
a_4e_early;11.9967;8.382;24.1548;4574;2467.5;1167;1.281;437;20;33;0.1,615,1,410;-102500,291900;1;0;0;23,-22.5,21,-23
a_4e_early_iaf;12.59;8.382;24.1548;4919;2467.5;1167;1.281;437;20;33;0.1,615,1,410;-102500,291900;1;0;0;23,-22.5,21,-23
a_4e_late_iaf;12.59;8.382;24.1548;4944;2467.5;1167;1.281;437;20;33;0.1,615,1,410;-102500,291900;1;0;0;23,-22.5,21,-23
a_4h;11.9967;8.382;24.1548;4644;2467.5;1167;1.281;437;20;33;0.1,615,1,410;-102500,291900;1;0;0;23,-22.5,21,-23
a_4n;12.59;8.382;24.1548;4950;2467.5;1167;1.281;437;20;33;0.1,615,1,410;-102500,291900;1;0;0;23,-22.5,21,-23
a_5c;15.415;9.68;27.95;6609;2827;1260;1.65;577;0;33;0.2,700,0.33,500,1,450;-215000,435000;2;0;0;22,-21,16,-17
a_7d;14.06;11.8049;34.84;9006;4201;1254;1.124;407;20;33;0.1,505,0.33,457,1,407;-291000,670600;1;0;0;23.5,-22.5,22,-21
a_7e;14.06;11.8049;34.84;9011;4552;1254;1.124;407;20;33;0.1,505,0.33,457,1,407;-291000,670600;1;0;0;23.5,-22.5,22,-21
b-17e;22.496;31.632;131.918;15906;4714;515;0.65;290;20;33;0.1,400,1,249;-196037,305365;4;0;0;19,-19,19.5,-8
b-17e_late;22.496;31.632;131.918;15996;4714;515;0.65;290;20;33;0.1,400,1,249;-196037,305365;4;0;0;19,-19,19.5,-8
b-17g;22.781;31.632;131.918;16855;7576;515;0.65;290;20;33;0.1,400,1,249;-196037,305365;4;0;0;19,-19,19.5,-8
b-29;30.175;43.047;161.46;32867;17958;609;0.64;389;20;33;0.1,340,1,270;-532000,1.064e+06;4;0;0;14.2,-12,13,-13
b-57;19.96;19.51;88.8;11200;6616;990;0.85;450;20;33;0,742.5,1,320.4;-309812,679812;2;0;0;15,-13.35,12,-22
b-57b;19.96;19.51;88.8;13350;6640;990;0.85;450;20;33;0,742.5,1,320.4;-309812,729812;2;0;0;15,-13.35,12,-22
b5n2;11.3;15.518;39.6898;2148;788;555;0.5;450;20;33;0.1,420.4,1,280.4;-68000,180810;1;0;0;19,-14,16,-15
b6n1;10.865;14.894;32.8;3034;1155;650;0.7;310;20;33;0.1,380,1,280.4;-71540,229165;1;85;0.1255;17,-14,16,-15
b6n2;10.865;14.894;32.8;3034;1155;650;0.7;310;20;33;0.1,380,1,280.4;-71540,229165;1;85;0.1255;17,-14,16,-15
b6n2a;10.865;14.894;32.8;3034;1155;650;0.7;310;20;33;0.1,380,1,280.4;-71540,229165;1;85;0.1255;17,-14,16,-15
b7a2;11.49;14.4;31.8;3936.76;1600;680;0.75;350;20;33;0.1,480,1,280;-430414,430414;1;60;0.1874;16.7,-14,15.8,-13.8
ba_65_k14_l;9.53;12.1;23.3748;2371;627;590;0.8;590;0;33;0.1,520.4,1,320.4;-86745,181375;1;0;0;18,-12,15,-15
bb-1;10.25;14.3;28.98;2971;560;620;0.8;350;20;33;0.1,450,0.3,340;-80861,161723;1;0;0;18,-11,16,-18
beaufighter_mk1_40mm;12.7;17.63;46.7;7113;1972.46;676;0.75;242;20;33;0.1,440,0.33,242,1,216;-193672,364560;2;0;0;16,-14,18,-15
beaufighter_mk21;12.7;17.63;46.7;7250;1780;676;0.75;242;20;33;0.1,440,0.33,242,1,216;-193672,364560;2;0;0;16,-14,18,-15
beaufighter_mk6c;12.7;17.63;46.7;7113;1780;676;0.75;242;20;33;0.1,440,0.33,242,1,216;-193672,364560;2;0;0;16,-14,18,-15
beaufighter_mkx;12.7;17.63;46.7;7900;1780;676;0.75;242;20;33;0.1,440,0.33,242,1,216;-193672,364560;2;0;0;16,-14,18,-15
beaufort_mkviii;13.462;17.6275;47.195;6524.4;1865;523;0.62;242;20;33;0.1,440,1,216;-142500,345500;2;0;0;15,-14.2,14.4,-14
be_6;23;33;120;17600;7446;500;0.65;450;20;33;0.1,300,1,220;-411000,568400;2;0;0;17.5,-12,16,-19
bf-109a_1;8.738;9.867;16.2;1900;177;790;0.82;280;20;33;0.1,400,0.5,350,1,250;-66000,123970;1;0;0;18.2,-14,15.1,-17
bf-109b_2;8.738;9.867;16.2;1646;177;790;0.82;280;20;33;0.1,400,0.5,350,1,250;-66000,123970;1;0;0;18.2,-14,15.1,-17
bf-109e-1;8.738;9.867;16.2;2150;303;790;0.82;320;20;33;0.1,500,1,300;-66000,148000;1;0;0;18.2,-14,15.1,-14
bf-109e-4;8.738;9.867;16.2;2118.2;303;790;0.82;320;20;33;0.1,500,0.5,450,0.7,390,1,280;-66000,148000;1;0;0;18.2,-14,15.1,-17
bf-109f-1;9.16;9.86;16.2;2287;300;790;0.82;360;20;33;0.1,460,1,260;-85000,175100;1;0;0;17.2,-14,15.1,-17
bf-109f-4;9.16;9.86;16.2;2457;296;790;0.82;360;20;33;0.1,460,1,260;-85000,175100;1;0;0;17.2,-14,15.1,-17
bf-109f-4_trop;9.16;9.86;16.2;2457;296;790;0.82;360;20;33;0.1,460,1,260;-85000,175000;1;0;0;17.2,-14,15.1,-17
bf-109g-10;9.16;9.86;16.2;2720;296;790;0.82;360;20;33;0.1,460,1,260;-100000,200000;1;63;0.05;17.2,-14,15.1,-17
bf-109g-14;9.16;9.86;16.2;2760;296;790;0.82;360;20;33;0.1,460,1,260;-100000,200000;1;63;0.05;17.5,-14,15.1,-17
bf-109g-14as;9.16;9.86;16.2;2790;296;790;0.82;360;20;33;0.1,460,1,260;-100000,200000;1;63;0.05;17.5,-14,15.1,-17
bf-109g-2;9.16;9.86;16.2;2570;296;790;0.82;360;20;33;0.1,460,1,260;-90000,190000;1;0;0;17.2,-14,15.1,-17
bf-109g-2_romania;9.16;9.86;16.2;2570;296;790;0.82;360;20;33;0.1,460,1,260;-90000,190000;1;0;0;17.2,-14,15.1,-17
bf-109g-6;9.16;9.86;16.2;2730;296;790;0.82;360;20;33;0.1,460,1,260;-100000,200000;1;63;0.05;17.2,-14,15.1,-17
bf-109k-4;9.16;9.86;16.2;2840;296;790;0.82;360;20;33;0.1,460,1,260;-110000,210000;1;63;0.05;18.5,-14,16,-17
bf-109z;9.048;13.27;23.14;5110;825;790;0.82;360;20;33;0.1,460,1,260;-180000,290000;2;0;0;18,-14,15.1,-17
bf-110c-4;12.07;16.276;32.8;5191;953;715;0.72;320;20;33;0.1,490,1,290;-180000,459550;2;0;0;18.2,-14,16.1,-17
bf-110c-6;12.65;16.276;31.678;5361;965;715;0.85;320;20;33;0.1,490,1,290;-180000,459550;2;0;0;20,-14,17.1,-17
bf-110c-7;12.65;16.276;34.8;5232;965;715;0.85;320;20;33;0.1,490,1,290;-180000,459550;2;0;0;17.2,-14,16.1,-17
bf-110f-2;12.65;16.276;34.8;6227.27;965;745;0.85;320;20;33;0.1,490,1,290;-180000,459550;2;0;0;18.2,-14,17.1,-17
bf-110g-2;12.65;16.276;34.8;6466;965;745;0.85;320;20;33;0.1,490,1,290;-180000,459550;2;0;0;18.2,-14,17.1,-17
bf-110g-4;12.65;16.276;34.8;6663;965;745;0.85;320;20;33;0.1,490,1,290;-180000,459550;2;0;0;18.2,-14,17.1,-17
bi;6.4;6.48;7;834;705;920;0.81;420;0;0;0.1,520,1,320;-24500,73500;1;0;0;16,-13,14,-14.5
blenheim_mkiv;12.7;17.17;43.57;4631;1530;482;0.62;236;20;33;0.1,316,1,211;-142500,345500;2;0;0;15,-14.2,14.4,-14
boomerang_mki;8.1748;10.9728;20.9;2759.08;522.539;660;0.77;320;20;33;0.1,520.4,1,225;-151230,201640;1;0;0;18,-14.7,20,-14.5
boomerang_mkii;8.1748;10.9728;20.9;2759.08;522.539;660;0.77;320;20;33;0.1,520.4,1,225;-151230,201640;1;0;0;18,-14.7,20,-14.5
boston_mk_1;14.32;18.694;43.1814;5510;886;665;0.703;296;20;33;0.1,445,1,296;-131700,263400;2;0;0;16,-15.5,14.5,-13
bo_105cb2;16;4;0.6;1420;444;300;0.6;320;0;0;;-40000,83000;2;0;0;28.6,-28,22.6,-21
bo_105pah1;16;4;0.6;1420;444;300;0.6;320;0;0;;-40000,83000;2;0;0;28.6,-28,22.6,-21
bo_105pah1_a1;16;4;0.6;1420;444;300;0.6;320;0;0;;-40000,83000;2;0;0;28.6,-28,22.6,-21
breda_88;10.75;15.6;33.3;4889;1135;712.5;0.73;262;0;33;0.1,425,1,283;-184232,286583;2;0;0;15.2,-13.5,14,-14.5
brigand_b1;14.15;22.05;66.6;11411;3462;680;0.75;342;20;33;0.1,450,1,270;-230000,611000;2;200;0.056;17,-14.5,16,-15
br_20_dr;16.175;21.56;74;6835;1720;675;0.73;310;0;33;0.1,480,1,280;-173215,247450;2;0;0;18,-16,17,-15
br_693_ab2;9.69;15.36;29.1;3141;584;591;0.65;295;20;33;0.1,430,0.33,320,1,294;-123500,185500;2;0;0;15.5,-17,14,-16
btd-1;11.765;13.716;36.37;6236;1307;885;0.78;253;20;33;0.1,380,1,253;-210000,330000;1;0;0;16.5,-13.5,15,-16
buccaneer_s1;16.95;12.9;47;12200;5550;1181;1;416;20;33;0.2,518,0.33,463,1,370;-520000,800000;2;0;0;19,-14,20,-12
buccaneer_s2;16.95;12.9;47;14000;5769;1181;1;416;20;33;0.2,518,0.33,463,1,370;-520000,800000;2;0;0;19,-14,20,-12
bv-138c-1;19.9;26.936;111.996;12843;1850;405;0.75;450;0;33;0.1,520.4,1,320.4;-204033,354033;3;0;0;17,-13.5,16,-13.5
bv-238;43.35;60;360;54000;23140;546;0.65;250;20;33;0.1,420,1,250;-750000,1.5e+06;6;0;0;15,-11,14,-14
b_10b;13.63;21.5;63;4931;1214;564;0.65;235;20;33;0.1,340,1,235;-110000,220500;2;0;0;15,-13,14.5,-12
b_18a;17.63;27.9;89.094;7490.69;1663.54;580;0.65;350;20;33;0.1,340,1,280;-210000,485000;2;0;0;17,-13,16.5,-12
b_24d;20.4724;33.528;97.359;15569;7506;600;0.62;263;0;33;0.1,390,1,263;-246800,494500;4;0;0;11,-12.5,11.5,-13
b_25j_20;16.307;20.604;56.67;10205;2654;591;0.65;294;20;33;0.1,430,0.33,320,1,294;-177470,325660;2;0;0;14.25,-13.2,13.5,-15
b_34;16.9;19.96;51;8550;1548;633;0.66;235;20;33;0.1,340,1,235;-200000,360000;2;0;0;18,-13,17,-12
b_48_firecrest;11.976;13.7;32.58;5277;1003;750;0.76;360;20;33;0.2,430,1,272;-145000,345000;1;46;0.068;17.3,-10,15.8,-15
c-47;19.75;28.813;91.7002;7283;0;700;1.1;0;20;33;;-720844,720844;2;0;0.0449;16,-16,14,-22
canberra_bimk6;19.96;19.51;88.8;10300;6900;990;0.82;450;20;33;0.1,520.4,1,320.4;-409812,659812;2;0;0;15,-13.35,11,-22
canberra_bmk2;19.96;19.51;88.8;10300;4800;990;0.82;450;20;33;0.1,520.4,1,320.4;-309812,649812;2;0;0;15,-13.35,11,-22
caudron_cr714;8.632;8.97;12.4832;1579;157;735;0.78;240;20;33;0.1,350,0.5,280,1,240;-51502,103005;1;0;0;17.57,-17.7,16,-15
corsair_fmk2;10.26;12.13;28.6678;4437;975;885;0.82;730;20;33;0.2,470,0.33,278,1,245;-106792,300352;1;39;0.076;18,-12,15.8,-18.5
cr_32;7.453;10.8;22.106;1441;268;590;0.7;590;0;0;;-62779,134526;1;0;0;20,-12,20,-12
cr_32_bis;7.453;10.8;22.106;1551;268;590;0.7;590;0;0;;-62779,134526;1;0;0;20,-12,20,-12
cr_32_quater;7.453;10.8;22.106;1496;268;590;0.7;590;0;0;;-62779,134526;1;0;0;20,-12,20,-12
cw_21;8.077;10.67;14.8;1520;318;735;0.78;290;20;33;0.1,380,0.5,280,1,240;-46352,92705;1;0;0;17,-12,14,-14
d3a1;10.195;14.53;34.94;2421;599.9;600;0.65;650;20;33;0.1,480,1,280;-65578,196735;1;0;0;18,-16,16.2,-15.2
d4y1;10.244;11.5;21.98;2326;790;750;0.75;350;20;33;0.1,480,1,280;-175970,234628;1;0;0;17.1,-15.2,16.773,-12.094
d4y2;10.244;11.5;21.98;2635;975;750;0.75;350;20;33;0.1,480,1,280;-175970,234628;1;0;0;17.1,-15.2,16.773,-12.094
d4y3;10.22;11.5;21.98;2249;759;750;0.75;350;20;33;0.1,480,1,280;-175970,234628;1;120;0.1874;17.1,-15.2,16.773,-12.094
db_3a;14.79;21.44;64.5;5565;2750;600;0.75;320;0;0;0.1,480,0.5,380,1,280;-134480,268961;2;0;0;18,-15,16,-18
db_3a_china;14.79;21.44;64.5;5565;2750;600;0.75;320;0;0;0.1,480,0.5,380,1,280;-134480,268961;2;0;0;18,-15,16,-18
db_3b;14.79;21.44;64.5;5565;2750;600;0.75;320;0;0;0.1,480,0.5,380,1,280;-134480,268961;2;0;0;18,-15,16,-18
db_7;14.32;18.694;43.1814;5480;886;665;0.703;296;20;33;0.1,445,1,296;-131700,263400;2;0;0;16,-15.5,14.5,-13
dh_110;16.33;15.24;60.2;12660;4673;1195;1.1;407;0;33;0.2,648,0.33,407,1,324;-420000,780000;2;0;0;19,-16,20,-15
douglas_ad_2;11.6839;15.24;37.1612;5132;1036;797;0.77;680;0;33;0.1,378,1,252;-156026,364060;1;63;0.0875;15.2,-14.6,14,-15.3
douglas_ad_4;11.6839;15.24;37.1612;5605;1036;797;0.77;680;0;33;0.1,378,1,252;-156026,364060;1;63;0.0875;15.2,-14.6,14,-15.3
douglas_ad_4na_france;11.6839;15.24;37.1612;5605;1036;797;0.77;680;0;33;0.1,378,1,252;-156026,364060;1;63;0.0875;15.2,-14.6,14,-15.3
douglas_ad_4_france;11.6839;15.24;37.1612;5605;1036;797;0.77;680;0;33;0.1,378,1,252;-156026,364060;1;63;0.0875;15.2,-14.6,14,-15.3
do_17e_1;16.25;18;55;5127;839;640;1.1;450;20;33;0.1,520.4,1,320.4;-103005,206010;2;0;0;16,-17.7,15,-15
do_17z_2;15.8;18;55;6031;1155;620;0.7;350;20;33;0.1,500,0.6,400,1,300;-103005,206010;2;0;0;16,-17.7,15,-15
do_17z_7;15.8;18;55;6190;1825;620;0.7;350;20;33;0.1,500,0.6,400,1,300;-103005,206010;2;0;0;16,-17.7,15,-15
do_217e_2;18.2;19;56.6;10024;2072;700;0.65;300;0;33;0.1,380,1,270;-314050,414050;2;0;0;15,-12,14.5,-14
do_217e_4;18.2;19;56.6;10024;2072;700;0.65;300;0;33;0.1,380,1,270;-314050,414050;2;0;0;15,-12,14.5,-14
do_217j_1;18.2;19;56.6;10127;2072;700;1.1;350;0;33;0.1,420,1,270;-314050,414050;2;0;0;15,-12,14.5,-14
do_217j_2;18.2;19;56.6;10127;2072;700;1.1;300;0;33;0.1,380,1,270;-314050,414050;2;0;0;15,-12,14.5,-14
do_217k_1;18.2;19;56.6;10043;2072;700;0.65;300;0;33;0.1,380,1,270;-314050,414050;2;0;0;15,-12,14.5,-14
do_217m_1;18.2;19;56.6;10279.5;2072;700;0.65;300;0;33;0.1,380,1,270;-451250,551250;2;140;0.0389;15,-12,14.5,-14
do_217n_1;18.2;19;56.6;10279.5;2072;700;0.65;300;0;33;0.1,380,1,270;-451250,551250;2;140;0.0389;15,-12,14.5,-14
do_217n_2;18.2;19;56.6;10279.5;2072;700;0.65;300;0;33;0.1,380,1,270;-451250,551250;2;140;0.0389;15,-12,14.5,-14
do_335a_0;13.85;13.8;38.5;7383;1860;945;0.85;285;0;33;0.1,450,0.5,340,1,280;-209689,419378;2;0;0;17,-14,13,-18
do_335a_1;13.85;13.8;38.5;7356;1500;945;0.85;285;0;33;0.1,450,0.5,340,1,280;-209689,419378;2;0;0;17,-14,13,-18
do_335b_2;13.85;13.8;38.5;8320;1150;945;0.85;285;0;33;0.1,450,0.5,340,1,280;-209689,419378;2;150;0.048;17,-14,13,-18
dummy_plane;9.12;11.23;19;2450;0;750;1.1;0;20;0;;-196004,196004;1;0;0;16,-17,14,-20
d_371;7.44;11.8;17.7794;1424;313;560;0.75;560;0;0;;-54593,109185;1;0;0;17.5,-12,17,-12
d_371_hs9;7.44;11.8;17.7794;1480;313;560;0.75;560;0;0;0.1,520,1,240;-54593,109185;1;0;0;17.5,-12,17,-12
d_373;7.44;11.22;17.4798;1719;313;630;0.75;630;0;0;0.1,520,1,240;-50767,118456;1;0;0;17.5,-12,17,-12
d_500;7.718;12.092;16.5;1414;210;576;0.67;577;0;0;;-68900,111500;1;0;0;17.2,-15,18.2,-15
d_501;7.718;12.092;16.5;1432;210;576;0.67;577;0;0;;-68900,111500;1;0;0;17.2,-15,18.2,-15
d_510;7.718;12.092;16.5;1417;210;576;0.67;577;0;0;;-68900,111500;1;0;0;17.2,-15,18.2,-15
d_520;8.6;10.2;15.97;2303;292;800;0.82;320;20;33;0.1,400,0.5,340,1,280;-110166,164150;1;0;0;18,-12,17,-19
d_520_france;8.6;10.2;15.97;2303;292;800;0.82;320;20;33;0.1,400,0.5,340,1,280;-110166,164150;1;0;0;18,-12,17,-19
d_521;8.6;10.2;15.97;2255;330;800;1.1;340;20;33;0.1,400,0.5,340,1,280;-110166,131173;1;0;0;16.5,-15,15,-13
e7k2;10.5;14.33;43.6;2100;663;400;0.6;400;0;0;;-97020,97020;1;0;0;18,-15,17,-15
e8n2;8.81;10.98;26.5;1381;300;500;0.63;550;0;0;;-127138,101120;1;0;0;17,-14.5,16.5,-13
er-2_ach30b_early;16.58;23.08;79.1;9053;3940;551;0.67;300;20;33;0.1,470,1,270;-148000,222000;2;0;0;13.5,-10,12.5,-10
er-2_m105r_lu2b;16.23;21.65;72.0996;6924;3500;530;1.1;300;20;33;0,397.5,1,270;-217862,230839;2;0;0;16,-16,16,-15
er-2_m105r_tat;16.23;21.65;72.0996;6924;3500;530;1.1;300;20;33;0,397.5,1,270;-217862,230839;2;0;0;16,-16,16,-15
er-2_m105_mv3;16.4;21.686;73.156;7236;3500;556;0.68;300;20;33;0.1,470,1,270;-148000,222000;2;0;0;13.5,-10,12.5,-10
er-2_m105_tat;16.23;21.65;72.0996;6924;3500;530;1.1;300;20;33;0,397.5,1,270;-217862,230839;2;0;0;16,-16,16,-15
etendard_4m;14.35;9.6;28.38;6460;2618;1263;1.35;426;20;90;0.2,1300,0.9,389,1,389;-190000,480000;1;0;0;22,-14,24,-17
f-100a_china;13.533;11.8262;35.7862;8979;2193.5;1361;1.65;447;0;0;;-250010,611500;1;0;0;26,-20,22,-17
f-4c;17;11.7;49.2;13190;5864;1458;2.45;463;0;33;0.1,625,1,463;-400000,1.105e+06;2;0;0;27,-24,30,-25
f-4e;17;11.7;49.2;13990;5864;1458;2.45;463;20;33;0.1,625,1,463;-400000,1.105e+06;2;0;0;32,-24,33,-25
f-4ej;17;11.7;49.2;13750;5864;1458;2.45;463;0;33;0.1,625,1,463;-400000,1.105e+06;2;0;0;27,-24,30,-25
f-4ej_kai;17;11.7;49.2;13750;5864;1458;2.45;463;0;33;0.1,625,1,463;-400000,1.105e+06;2;0;0;27,-24,30,-25
f-4e_iaf;17;11.7;49.2;13990;5864;1458;2.45;463;20;33;0.1,625,1,463;-400000,1.105e+06;2;0;0;32,-24,33,-25
f-4f;17;11.7;49.2;14160;5221;1458;2.45;463;20;33;0.1,625,1,463;-400000,1.105e+06;2;0;0;32,-24,33,-25
f-4j;17;11.7;49.2;13990;5890;1458;2.45;463;20;33;0.1,625,1,463;-400000,1.105e+06;2;0;0;28,-24,32,-25
f-4k;17;11.7;49.2;13490;5840;1458;2.45;463;0;33;0.1,625,1,463;-400000,1.105e+06;2;0;0;27,-24,30,-25
f-4m_fgr2;17;11.7;49.2;13430;5840;1458;2.45;463;0;33;0.1,625,1,463;-400000,1.105e+06;2;0;0;27,-24,30,-25
f-80;10.49;11.81;22.08;4160;1275;990;0.9;380;20;33;0.1,560,1,360;-144115,284115;1;227;2.27;16.4,-14,14,-17
f-80a;10.49;11.81;22.08;3980;1275;990;0.85;380;20;33;0.1,560,1,360;-150000,295000;1;0;0;16.4,-14,14,-17
f-82e;11.8872;15.621;37.944;7270;1691.17;854;0.82;314;20;33;0.2,651,0.4,450,0.6,370,0.8,297,1,265;-503965,503965;2;90;0.0625;18.5,-15,14,-16
f-84b;11.3;11.2;24.2;4810;1303;1044.75;0.87;320;20;33;0.1,550,1,350;-175000,340000;1;0;0;15,-14,14.5,-11
f-84f;13.23;10.24;30;6545;1700;1187;1.23;417;20;33;0.1,550,1,417;-164500,575500;1;0;0;18,-14,17.5,-11
f-84g;11.3;11.2;24.2;5450;1303;1044.75;0.87;320;20;33;0.1,550,1,350;-175000,370000;1;0;0;15,-14,14.5,-11
f-84g_france;11.3;11.2;24.2;5450;1303;1044.75;0.87;320;20;33;0.1,550,1,350;-175000,370000;1;0;0;15,-14,14.5,-11
f-86a-5;11.42;11.97;26.76;4900;1283.6;1118;1.1;350;20;33;0.1,620.4,1,350.4;-203792,353792;1;0;0;17.8,-14,16.5,-17
f-86e;11.42;11.97;26.76;4940;1283.6;1118;1.1;350;20;33;0.1,620.4,1,350.4;-203792,353792;1;0;0;17.8,-14,16.5,-17
f-86f-2;11.42;11.97;28.2;5570;1283.6;1170;1.2;350;20;33;0.1,620.4,1,350;-203792,390000;1;0;0;17.1,-14,15,-17
f-86f-25;11.42;11.97;28.2;5430;1283.6;1170;1.2;350;20;33;0.1,620.4,1,350;-203792,390000;1;0;0;17.1,-14,15,-17
f-86f-40_japan;11.42;11.97;29.2;5490;1284.3;1170;1.2;350;20;33;0.1,620.4,1,350;-203792,390000;1;0;0;18.9,-14,16,-17
f-86k;12.49;11.917;28.2;6430;1806;1187;1.25;350;20;33;0.1,620.4,1,370;-190000,360000;1;0;0;17.9,-14,15,-17
f-86_canadair_german;11.42;11.97;28.2;5330;1283.6;1170;1.2;350;20;33;0.1,620.4,1,350.4;-203792,390000;1;0;0;17.1,-14,15,-17
f-86_cl_13b_mk6;11.42;11.32;28.2;5178;1284.3;1170;1.2;350;20;33;0.1,620.4,1,350.4;-203792,390000;1;0;0;17.1,-14,15,-17
f-89b;16.3068;17.05;56.318;11780;4597;920;1;379;20;33;0.2,554.4,0.33,447.5,1,379;-255515,621785;2;0;0;16.2,-16.2,14.5,-15.2
f-89d;16.4084;17.05;56.318;12509;5378;920;1;379;20;33;0.2,554.4,0.33,447.5,1,379;-297500,723900;2;0;0;16.2,-16.2,14.5,-15.2
f-8e;16.52;10.8204;34.84;8849;4156;1555;2.1;428;20;0;0.1,1170,0.2,1070,0.3,730,1,583;-312200,666086;1;0;0;23.5,-22.5,17,-20
f-8e_fn;16.52;10.8204;34.84;8980;4156;1555;2.1;428;20;0;0.1,1170,0.2,1070,0.3,730,1,583;-312200,666086;1;0;0;23.5,-22.5,16,-20.5
f1;16.55;7.88;21.18;6540;2982;1365;1.85;577;20;33;0.2,735,0.33,525,1,450;-213500,510500;2;0;0;32,-24,29.5,-22
f11f_1_late;13.49;9.65;23.22;6520;3016;1458;1.6;447;0;0;0.2,720,1,500;-180000,460000;1;0;0;24,-20,22,-17
f1m2;9.5;11;28.6;1962.7;350;550;0.45;450;20;33;0.1,370,1,240;-69335,124800;1;0;0;16.5,-12.9,16,-15
f2a-1;7.833;10.67;19.4074;2080;430;761;0.8;720;20;33;0.1,460,1,260;-70119,144000;1;0;0;16.5,-16.3,18,-14
f2a-3;7.833;10.67;19.4074;2680;430;761;0.8;720;20;33;0.1,460,1,260;-70119,190119;1;0;0;17.5,-16.3,17.5,-14
f2g-1;10.31;12.49;29.172;4981;836;885;0.82;720;20;60;0.2,382,0.33,324,1,248;-106792,300352;1;0;0;18,-12,16.5,-18.5
f2h-2;12.4;12.6;27.3;5620;3475;994;0.91;342;20;33;0.1,525,1,325;-164115,390000;2;0;0;17,-16,15,-17
f3d_1;13.84;15.23;37.36;7290;3674;932;0.91;314;20;33;0.1,460,1,314;-225000,450000;2;0;0;18.5,-16,19,-17
f3f-2;7.09;13.22;24.14;1595;366;810;0.75;320;0;0;;-61803,141632;1;0;0;20,-16,20,-16
f3h-2;17.95;10.77;48.2;9840;4440;1360;1.65;463;20;33;0.25,833,1,370;-355000,790000;1;0;0;24,-22,28,-25
f4f-3;8.8138;11.582;24.15;2875;381.5;826;1.1;320;20;33;0.1,420,1,420.4;-80000,222969;1;0;0;17,-12.5,16,-15
f4f-4;8.8138;11.582;24.15;3020.5;381.5;826;1.1;320;20;33;0.1,420,1,420.4;-80000,222969;1;0;0;17,-12.5,16,-15
f4f-4_martlet_mk4;8.712;11.582;24.15;3020.5;381.5;826;0.7;320;20;33;0.1,420,1,420.4;-80000,222969;1;0;0;17,-12.5,16,-15
f4u-1a;10.26;12.49;29.172;4538;975;885;0.82;730;20;33;0.2,388,0.33,330,1,253;-106792,300352;1;39;0.076;18,-12,15.8,-18.5
f4u-1a_usmc;10.26;12.49;29.172;4506;975;885;0.82;730;20;33;0.2,388,0.33,330,1,253;-106792,300352;1;39;0.076;18,-12,15.8,-18.5
f4u-1c;10.26;12.49;29.172;4696;645;885;0.82;730;20;33;0.2,388,0.33,330,1,253;-106792,300352;1;39;0.076;18,-12,15.8,-18.5
f4u-1d;10.26;12.49;29.172;4580;645;885;0.82;730;20;33;0.2,388,0.33,330,1,253;-106792,300352;1;39;0.076;18,-12,15.8,-18.5
f4u-4;10.33;12.49;29.172;4697;636;885;0.82;730;20;33;0.2,388,0.33,330,1,253;-106792,300352;1;45;0.0625;18,-12,15.8,-18.5
f4u-4b;10.33;12.49;29.172;4785;636;885;0.82;730;20;33;0.2,388,0.33,330,1,253;-106792,300352;1;45;0.0625;18,-12,15.8,-18.5
f4u-6_au-1;10.52;12.49;29.172;4993;636;885;0.82;670;20;60;0.2,388,0.33,330,1,253;-106792,300352;1;106;0.0625;18,-12,16.5,-18.5
f4u-7;10.52;12.49;29.172;4961;636;885;0.82;670;20;60;0.2,388,0.33,330,1,253;-106792,300352;1;106;0.0625;18,-12,16.5,-18.5
f6f-3;10.312;13.056;31.0288;4475.22;662;839;0.85;450;20;33;0.1,520.4,1,320.4;-180000,280000;1;150;0.1874;16.5,-16,16,-13.9
f6f-5;10.312;13.056;31.029;4648;681.301;803;0.81;375;20;33;0.1,510,1,310;-132050,330100;1;54;0.074;15.8,-12,15.3,-13
f6f-5n;10.312;13.056;30.9216;4780;681.301;803;0.81;375;20;33;0.1,510,1,310;-132050,330100;1;54;0.074;15.8,-12,15.3,-13
f6f-5n_france;10.312;13.056;30.9216;4780;681.3;803;0.81;375;20;33;0.1,510,1,310;-132050,330100;1;54;0.074;15.8,-12,15.3,-13
f6f-5_france;10.312;13.056;31.029;4648;681.3;803;0.81;375;20;33;0.1,510,1,310;-132050,330100;1;54;0.074;15.8,-12,15.3,-13
f7f1;13.6271;15.6972;42.2708;8106;1143;835.14;0.82;463;20;33;0.1,477.8,1,277.8;-381213,476516;2;121;0.087;16,-17,15.3,-14.45
f7f3;13.6271;15.6972;42.2708;8266;1236;835.14;0.82;463;20;33;0.1,477.8,1,277.8;-381213,476516;2;121;0.087;16,-17,15.3,-14.45
f8f1;8.382;10.82;24.668;3640;505;827;0.79;340;20;33;0.1,640,1,427;-113076,220000;1;54.5;0.05;16.1,-14,12.2,-18.5
f8f1b;8.382;10.82;24.668;3735;504.2;827;0.79;340;20;33;0.1,640,1,427;-113076,220000;1;54.5;0.05;16.1,-14,12.2,-18.5
f8f1b_france;8.382;10.82;24.668;3735;504.2;827;0.79;340;20;33;0.1,640,1,427;-113076,220000;1;54.5;0.05;16.1,-14,12.2,-18.5
f8u-2;16.52;10.8204;34.84;8235;3926;1555;2.1;428;20;0;0.1,1170,0.2,1070,0.3,730,1,583;-291000,580500;1;0;0;23.5,-22.5,17,-20
f9f-2;11.46;11.58;23.226;4650;2723;1000;0.94;400;20;33;0.1,607,1,310;-144115,344115;1;85;2;17,-14,16,-17
f9f-5;11.46;11.58;23.226;5040;2957;1000;0.94;410;20;33;0.1,607,1,380;-144115,344115;1;85;1.54;17,-14,16,-17
f9f-8;12.73;10.52;31.26;5900;3018;1127;1.1;410;0;0;0.1,620,1,410;-220000,410000;1;0;0;19.5,-14,17,-17
fau-1;7.75;5.7;8.4;1560;0;800;1.1;0;20;33;;-185740,185740;1;0;0;15,-10,15,-10
fc_20_bis;12.18;16;35.96;5358;870;720;0.78;280;0;33;0.1,425,0.3,320,1,260;-161609,290896;2;0;0;17,-12,15.8,-18.5
ffvs_j22_a;7.8;10;16;2325;282;670;0.77;270;20;33;0.1,520.4,1,225;-85201,113601;1;0;0;17.5,-12,14,-12
ffvs_j22_b;7.8;10;16;2385;282;670;0.77;270;20;33;0.1,520.4,1,225;-85201,113601;1;0;0;17.5,-12,14,-12
fiat_cr42;8.257;11.22;22.4;1837;305;578;0.7;580;0;0;;-64746,151074;1;0;0;19,-15,19,-15
fiat_cr42_j11;8.257;11.22;22.4;1837;305;578;0.7;580;0;0;;-64746,151074;1;0;0;19,-15,19,-15
fiat_g50_seria2;8.03;10.99;18.2548;1937.5;265;870;0.81;300;20;33;0.1,600,0.5,340,1,260;-71000,165000;1;0;0;17,-12,16,-19
fiat_g50_seria7as;8.03;10.99;18.2548;2067;301.7;870;0.81;300;20;33;0.1,600,0.5,340,1,260;-71000,165000;1;0;0;17,-12,16,-19
fiat_g91_ps;10.415;8.558;16.38;3340;1256;1011;0.97;345;20;33;0.1,620.4,1,345;-118180,250000;1;0;0;21,-14,18,-17
fiat_g91_r1;10.415;8.558;16.38;3337;1256;1128;0.97;345;20;33;0.1,620.4,1,345;-118180,250000;1;0;0;21,-14,18,-17
fiat_g91_r3;10.415;8.558;16.38;3477;1256;1128;0.97;345;20;33;0.1,620.4,1,345;-118180,250000;1;0;0;21,-14,18,-17
fiat_g91_r4;10.415;8.558;16.38;3477;1256;1128;0.97;345;20;33;0.1,620.4,1,345;-118180,250000;1;0;0;21,-14,18,-17
fiat_g91_ys;11;9.01;18.1;4350;2520;1128;1;371;20;33;0.1,620.4,1,371;-155000,380000;2;0;0;21,-14,20,-17
firebrand_tf4;11.91;15.62;35.4;5970;771;750;0.76;300;20;33;0.3,420,1,250;-185000,345000;1;0;0;18.7,-13,17.5,-15
firefly_mk1;11.46;13.57;30.48;4670;617;720;0.8;270;20;33;0,700,0.2,600,0.3,330,1,242;-152700,275000;1;0;0;18,-17,15.7,-20
firefly_mk5;11.46;13.57;31.48;5273;509.84;720;0.8;280;20;33;0,700,0.2,600,0.3,330,1,250;-200000,298000;1;0;0;18,-17,15.7,-20
fj_4b;11.07;11.92;31.44;6695;2591;1166;1.4;435;20;33;0.1,620.4,1,435;-211000,458600;1;0;0;18.5,-14,19.5,-17
fokker_d21_mod20;8.21;11;15.8;1642;270;735;0.78;290;0;0;0.1,380,0.5,280,1,240;-60332,140774;1;0;0;17,-12,14,-14
fury_mk1;8.24;11.79;23.41;1303;161;600;0.75;600;0;0;;-40208,88458;1;0;0;18,-16,18,-16
fury_mk2;8.24;11.79;23.41;1362;161;600;0.75;600;0;0;;-40208,88458;1;0;0;18,-16,18,-16
fw-190a-1;8.85;10.38;18.3;3192;410;912;0.83;310;0;13;0.1,900,0.13,700,0.58,310;-132435,264870;1;0;0;17.5,-12,17,-12
fw-190a-4;8.85;10.506;18.3;3340;410;912;0.83;310;0;13;0.1,900,0.13,700,0.58,310;-132435,264870;1;0;0;17.5,-12,17,-12
fw-190a-5;8.95;10.506;18.3;3353;410;912;0.83;310;0;13;0.1,900,0.13,700,0.58,310;-132435,264870;1;0;0;17.5,-12,17,-12
fw-190a-5_cannons;8.95;10.506;18.3;3467;410;912;0.83;310;0;13;0.1,900,0.13,700,0.58,310;-132435,264870;1;0;0;17.5,-12,17,-12
fw-190a-5_u2;8.95;10.506;18.3;3273;410;912;0.83;310;0;13;0.1,900,0.13,700,0.58,310;-132435,264870;1;0;0;17.5,-12,17,-12
fw-190a-8;8.95;10.506;18.3;3607;410;912;0.83;310;0;13;0.1,900,0.13,700,0.58,310;-132435,264870;1;0;0;17.5,-12,17,-12
fw-190a-8_france;8.95;10.506;18.3;3457;410;912;0.83;310;0;13;0.1,900,0.33,700,1,310;-132435,264870;1;0;0;17.5,-12,17,-12
fw-190c;9.5;12.3;20.3;3613;410;912;0.83;310;0;13;0.1,900,0.13,700,0.58,310;-132435,264870;1;0;0;17.5,-12,17,-12
fw-190d-12;10.2;10.506;18.3;3728;388;912;0.83;310;0;13;0.1,900,0.13,700,0.58,310;-132435,264870;1;85;0.048;17.5,-12,17,-12
fw-190d-13;10.2;10.506;18.3;3686;388;912;0.83;310;0;13;0.1,900,0.13,700,0.58,310;-132435,264870;1;85;0.048;17.5,-12,17,-12
fw-190d-9;10.2;10.506;18.3;3570;388;912;0.83;310;0;13;0.1,900,0.13,700,0.58,310;-132435,264870;1;85;0.048;17.5,-12,17,-12
fw-190f-8;8.95;10.506;18.3;3457;410;912;0.83;310;0;13;0.1,900,0.13,700,0.58,310;-132435,264870;1;0;0;17.5,-12,17,-12
fw_189a_1;12.025;18.4;37.8;3350;324;525;0.65;190;20;33;0.1,250,1,185;-103005,196000;2;0;0;16.5,-17.7,15,-15
fw_200c_1;23.85;32.84;142.58;11429;8060;450;1.1;200;20;33;0.1,350,1,200;-268650,268650;4;0;0;15,-11.8,14,-13
f_100d;13.533;11.8262;37.18;9551;3501;1361;1.65;447;20;33;0.2,620.4,1,435;-281800,688500;1;0;0;26,-20,22,-17
f_104a;16.7;6.69;17.28;6057;2677;1527;2.3;546;0;33;0.2,2350,0.32,833,1,444;-220000,560000;1;0;0;16,-15,20,-19
f_104c;16.7;6.69;17.28;6205;2639;1527;1.95;546;0;33;0.2,2350,0.32,833,1,444;-220000,560000;1;0;0;16,-15,20,-19
f_104g;16.7;6.69;17.28;6427;2642;1527;2.3;546;0;33;0.2,2350,0.32,833,1,444;-220000,560000;1;0;0;16,-15,20,-19
f_104g_italy;16.7;6.69;17.28;6427;2642;1527;2.3;546;0;33;0.2,2350,0.32,833,1,444;-220000,560000;1;0;0;16,-15,20,-19
f_104j;16.7;6.69;17.28;6427;2642;1527;2.3;546;0;33;0.2,2350,0.32,833,1,444;-220000,560000;1;0;0;16,-15,20,-19
f_104s;16.7;6.69;17.28;6725;2948;1527;2.3;546;0;33;0.2,2350,0.32,833,1,444;-220000,560000;1;0;0;16,-15,20,-19
f_105d;19.6;10.63;36;12550;3420;1575;2.3;546;0;33;0.2,2350,0.32,833,1,444;-370000,900000;1;0;0;25,-20,24,-20
f_222_2;21.572;36;186;10800;4467;450;0.75;450;0;0;;-220725,441450;4;0;0;20,-18,19,-18
f_5a;14.48;7.67;15.9;3936;1763;1458;1.75;444;20;99;0.2,926,1,555;-160000,340000;2;0;0;23,-20,20,-19
f_5e;14.68;8.14;17.28;4710;1995;1458;1.75;482;20;99;0.2,1018,1,463;-180000,390000;2;0;0;22,-20,20,-19
g4m1;19.97;24.88;74.1248;6741;3323;540;0.8;300;20;33;0.1,450,1,250;-186200,242060;2;0;0;16,-12,15,-19
g5n1;31.015;42;201.78;16221;9524;520;1.1;280;20;33;0.1,380,1,230;-413805,551740;4;0;0;18,-15.4,17,-15
g8n1;22.935;32.54;112;18781;11808;680;0.645;330;20;33;0.1,340,1,270;-314200,418950;4;0;0;15,-13,15,-16.5
gladiator_j8a;8.36;12.541;29.1;1732.5;282;600;0.75;560;0;33;0.1,520.4,1,320.4;-62000,124000;1;0;0;17,-17,16,-15
gladiator_mk2;8.36;12.541;29.1;1732.5;282;560;0.75;560;0;33;0.1,520.4,1,320.4;-62000,124000;1;0;0;17,-17,16,-15
gladiator_mk2_navy;8.36;12.541;29.1;1864;282;560;0.75;560;0;33;0.1,520.4,1,320.4;-62000,124000;1;0;0;17,-17,16,-15
gladiator_mk2_tuck;8.36;12.541;29.1;1732.5;282;560;0.75;560;0;33;0.1,520.4,1,320.4;-62000,124000;1;0;0;17,-17,16,-15
go229_v3;7.47;16.8;38.58;4800;2400;980;0.92;450;20;33;0.1,580.4,1,380.4;-179812,360000;2;0;0;17,-13.35,14,-22
g_55s;9.372;11.85;21.08;2990;405;840;0.82;260;20;33;0.1,460,1,260;-105000,210000;1;0;0;17.2,-14,15.1,-17
g_55_serie1;9.372;11.85;21.08;3090;405;840;0.82;260;20;33;0.1,460,1,260;-105000,210000;1;0;0;17.2,-14,15.1,-17
g_55_serie1_ss0;9.372;11.85;21.08;3030;405;840;0.82;260;20;33;0.1,460,1,260;-105000,210000;1;0;0;17.2,-14,15.1,-17
g_56;9.372;11.85;21.08;3195;435;840;0.82;360;20;33;0.1,460,1,260;-105000,210000;1;0;0;17.2,-14,15.1,-17
g_lynx;16;4.5;3.2;3350;1450;460;0.79;420;0;0;;-70000,130000;2;0;0;28.6,-28,22.6,-21
h6k4;24.4;40;167.64;12066;8824;437;1.1;450;20;33;0.1,520.4,1,320.4;-280000,365000;4;0;0;17,-11,14,-12
h8k2;28.118;38;160;17474.5;12158.7;560;0.7;450;20;33;0.1,420,1,260;-512695,683550;4;100;0.0942;15,-11,14,-14
h8k3;28.118;38;160;17474.5;12158.7;560;0.7;450;20;33;0.1,420,1,260;-512695,683550;4;100;0.0942;15,-11,14,-14
halifax_mk3;21.82;31.75;117.9;16000;5980;541;0.7;260;20;33;0.1,520,1,260;-396900,600000;4;0;0;16,-13,21.9,-16
harrier_gr1;14.3;7.7;18.6;5520;2292;1191;1.25;648;0;33;0.2,973,0.32,833,1,556;-220000,560000;1;223;2.4;21,-21,21,-20
harrier_gr3;14.3;7.7;18.6;5570;2335;1191;1.25;648;0;33;0.2,973,0.32,833,1,556;-220000,560000;1;223;2.4;21,-21,21,-20
hawk_iii;7.14;12.76;24.32;1517;310;600;0.7;280;0;0;;-57494,114989;1;0;0;17.5,-12,17,-12
he-111h-16_winter;16.4;22.6;86.2;7100;3000;480;0.6;300;20;33;0.1,350,1,260;-156380,200380;2;0;0;14,-13,12,-10
he-111h-2;16.4;22.6;86.2;6700;2050;480;0.6;350;20;33;0.1,420,1,260;-156380,200380;2;0;0;14,-13,12,-10
he-111h-6;16.4;22.6;86.2;7020;3000;480;0.6;350;20;33;0.1,420,1,260;-156380,200380;2;0;0;14,-13,12,-10
he-162a-2;9.05;7.2;11.6086;1877;475;1040;0.9;350;20;33;0.1,700,1,500;-78787,138787;1;0;0;15.2,-14.78,14,-17
he-177a-5;20.4;31.44;102;19100;6249;682.5;0.7;260;20;33;0.1,450,1,280;-205000,510000;2;0;0;16,-11.8,15,-15
he51a1;8.438;13.75;27.23;1601;152;500;0.7;500;20;33;0.1,520.4,1,320.4;-46107,101435;1;0;0;18,-15,17,-15
he51b1;8.438;13.75;27.23;1621;303;550;0.7;550;20;33;0.1,520.4,1,320.4;-55328,110657;1;0;0;18,-15,17,-15
he51b_2w;8.438;13.75;27.23;1757;152;500;0.7;500;20;33;0.1,520.4,1,320.4;-46107,101435;1;0;0;18,-15,17,-15
he51c1;8.438;13.75;27.23;1635;303;550;0.7;550;20;33;0.1,520.4,1,320.4;-55328,110657;1;0;0;18,-15,17,-15
he51c1_late;8.438;13.75;27.23;1647;303;550;0.7;550;20;33;0.1,520.4,1,320.4;-55328,110657;1;0;0;18,-15,17,-15
he_100d_1;8.2;9.4;13.42;2158;250;820;0.8;320;20;33;0.1,500,0.5,450,0.7,390,1,280;-66000,148000;1;0;0;17,-16,13,-16
he_112a_0;8.9;11.5;21.6;1900;200;680;0.7;300;20;33;0.1,420,1,270;-87572.8,109466;1;0;0;17.2,-17,14.1,-20
he_112b_0;9.3;9.1;16.98;1911;200;730;0.8;300;20;33;0.1,520.4,1,320.4;-87572.8,109466;1;0;0;17.2,-17,14.1,-20
he_112b_1;9.3;9.1;16.98;1911;200;730;0.8;300;20;33;0.1,520.4,1,320.4;-87572.8,109466;1;0;0;17.2,-17,14.1,-20
he_112b_2;9.3;9.1;16.98;2000;200;730;0.8;450;20;33;0.1,520.4,1,320.4;-87572.8,109466;1;0;0;17.2,-17,14.1,-20
he_112v_5;8.9;11.5;21.6;1900;200;680;0.7;300;20;33;0.1,420,1,270;-87572.8,109466;1;0;0;17.2,-17,14.1,-20
he_219a_7;15.54;18.5;44.49;10800;1925;787;0.75;310;20;33;0.1,490,1,310;-450000,690000;2;0;0;17.2,-14.5,20,-14
hornet_mk1;12;13.7;33.48;5970;1185;826;0.8;324;20;33;0.1,380,1,287;-158000,320000;2;0;0;16,-15.1,18.5,-16
hornet_mk3;12;13.7;33.48;6050;1761;826;0.8;324;20;33;0.1,380,1,287;-158000,320000;2;0;0;16,-15.1,18.5,-16
hp52_hampden;12.7;17.17;43.57;3745;1489.3;550;1.1;225;20;33;0.1,401,1,201;-72765,145530;2;0;0;15,-14.2,14.4,-12.2
hp52_hampden_mk1_late;16.25;21.1328;62.1;6583;1442;506;0.75;225;20;33;0.1,410,1,210;-125167,208612;2;0;0;21,-12,17,-17
hp52_hampden_tbmk1;16.25;21.1328;62.1;6683;1442;506;0.75;225;20;33;0.1,410,1,210;-125167,208612;2;0;0;21,-12,17,-17
hp52_hampden_tbmk1_ussr_utk1;16.25;21.1328;62.1;6700;1442;506;0.75;225;20;33;0.1,410,1,210;-125167,208612;2;0;0;21,-12,17,-17
hs-129b-2;9.84;14.2;29;4517;450;630;0.69;295;20;33;0.1,314,0.33,252,1,190;-165370,257250;2;0;0;16,-14.5,14.5,-13.5
hs-129b-3;9.84;14.2;29;4517;450;630;0.69;295;20;33;0.1,314,0.33,252,1,190;-165370,257250;2;0;0;16,-14.5,14.5,-13.5
hs_123a_1;8.66;12.961;24.85;1649;200;577;0.7;590;20;33;0.1,320,0.5,240,1,190;-79461,119192;1;0;0;18,-12,17,-12
hudson_mk_v;13.51;19.96;51.18;5985;1754;564;0.65;235;20;33;0.1,340,1,235;-198000,396000;2;0;0;17,-13,16.5,-12
hunter_f1;12.8;10.26;31.56;5970.31;1190;1193;1.6;450;20;33;0.1,620.4,1,465;-203792,430000;1;0;0;15.9,-14,14.5,-17
hunter_f6;12.8;10.26;31.56;6400;1368;1193;1.6;450;20;33;0.1,620.4,1,465;-225000,470000;1;0;0;16.1,-14,14.5,-17
hunter_f9;12.8;10.26;31.56;6110;1368;1225;1.6;450;20;33;0.1,620.4,1,465;-245000,540000;1;0;0;16.1,-14,14.5,-17
hurricanemkii;9.58;12.192;23.93;2881;314;660;0.79;320;20;33;0.1,285,0.4,235,1,202;-101386,180806;1;0;0;18,-8,17,-14
hurricanemkii_ussr;9.58;12.192;23.93;2731;314;660;0.79;320;20;33;0.1,285,0.4,235,1,202;-101386,180806;1;0;0;18,-8,17,-14
hurricane_mk1;9.58;12.192;23.93;2619;314;660;0.79;320;20;33;0.1,285,0.4,235,1,202;-101386,180806;1;0;0;18,-8,17,-14
hurricane_mk1b;9.58;12.192;23.93;2899;314;660;0.79;320;20;33;0.1,285,0.4,235,1,202;-101386,180806;1;0;0;18,-8,17,-14
hurricane_mk1c;9.58;12.192;23.93;2949;314;660;0.79;320;20;33;0.1,285,0.4,235,1,202;-101386,180806;1;0;0;18,-8,17,-14
hurricane_mk4;9.58;12.192;23.93;2873;314;660;0.79;320;20;33;0.1,285,0.4,235,1,202;-101386,180806;1;0;0;18,-8,17,-14
h_34;17.51;3.2;1.2;3870;757;450;0.79;420;0;0;;-100000,250000;1;0;0;28.6,-28,22.6,-21
h_34_france;17.51;3.2;1.2;3870;757;450;0.79;420;0;0;;-100000,250000;1;0;0;28.6,-28,22.6,-21
h_75a_1_france;8.69;11.37;21.93;2122;379.8;681;0.78;290;20;33;0.1,520.4,1,232;-88325,149373;1;0;0;17.57,-17.7,16,-15
h_75a_2_finland;8.69;11.37;21.93;2194;379.8;770;0.78;290;20;33;0.1,520.4,1,232;-90723,150093;1;0;0;17.57,-17.7,16,-15
h_75a_4_france;8.69;11.37;21.93;2198;379.7;770;0.78;290;20;33;0.1,520.4,1,232;-88325,149373;1;0;0;17.57,-17.7,16,-15
i-153p;6.175;12.24;22.14;1489;240;580;0.7;450;0;0;;-55407,112545;1;0;0;21,-16,21,-16
i-153_m62;6.175;12.24;22.14;1489;240;580;0.7;450;0;0;;-55407,112545;1;0;0;21,-16,21,-16
i-15bis;6.275;10.2;22.5;1359;225;580;0.7;580;0;0;;-54200,108400;1;0;0;17,-16,17,-16
i-15_1934;6.1;9.75;23.55;1079;232;560;0.75;560;0;0;0.1,520.4,1,320.4;-26923,67306;1;0;0;18,-16,17,-16
i-15_1935;6.1;9.75;23.55;926;232;560;0.75;560;0;0;0.1,520.4,1,320.4;-26923,67306;1;0;0;18,-16,17,-16
i-15_1935_moscow;6.1;9.75;23.55;1079;232;560;0.75;560;0;0;0.1,520.4,1,320.4;-26923,67306;1;0;0;18,-16,17,-16
i-16_chung_28;5.985;9;12.38;1286;150;660;0.75;260;20;33;1,700;-44463,103746;1;0;0;19,-15,17,-12
i-16_type10;6.074;9.004;12.38;1431;150;700;0.75;260;0;0;1,260;-66218,132435;1;0;0;19,-15,17,-12
i-16_type17;6.074;9.004;12.38;1513;150;700;0.75;260;0;0;1,260;-66218,132435;1;0;0;19,-15,17,-12
i-16_type18;6.074;9.004;12.38;1546;150;700;0.75;260;0;0;1,260;-66218,132435;1;0;0;19,-15,17,-12
i-16_type24;6.13;9.004;12.38;1597;150;700;0.75;260;20;33;0.1,420,0.5,320,1,260;-66218,132435;1;0;0;19,-15,17,-12
i-16_type27;6.074;9.004;12.38;1511;150;700;0.75;260;0;0;1,260;-66218,132435;1;0;0;19,-15,17,-12
i-16_type28;6.13;9.004;12.38;1691;150;700;0.75;260;20;33;0.1,420,0.5,320,1,260;-66218,132435;1;0;0;19,-15,17,-12
i-16_type5;5.985;9;12.38;1237.9;150;700;0.75;260;20;33;1,700;-44463,103746;1;0;0;19,-15,17,-12
i-225;9.5;11;18.4;3290;325;820;0.82;320;0;33;0.1,400,0.5,320,1,280;-95594,210306;1;0;0;19.5,-12,18,-18
iar-81c;8.97;11;16.5;2383;330;680;0.72;280;20;33;0.1,800,0.5,780,1,750;-117232,156310;1;0;0;17,-12,17,-19
iar_316b;16;4;0.6;950;453;310;0.6;320;0;0;;-40000,83000;1;0;0;28.6,-28,22.6,-21
ia_58a_pucara;13.6271;15.6972;42.2708;8106;1143;835.14;0.82;463;20;33;0.1,477.8,1,277.8;-381213,476516;2;121;0.087;16,-17,15.3,-14.45
il-10;11.12;13.4;30;5473;535;720;1.1;450;20;33;0.1,520.4,1,320.4;-419488,419488;1;0;0;17.5,-16.5,17.5,-12
il-10_1946;11.12;13.4;30;5453;535;720;1.1;450;20;33;0,540,1,320.4;-419488,419488;1;0;0;17.5,-16.5,17.5,-12
il-2i;11.45;14.6;38.5;4181;470;620;0.6065;320;0;0;0.1,470,1,270;-356250,356250;1;0;0;16.7,-13,16,-14.5
il-2m;11.65;14.6;38.5;4838;650.75;620;0.6065;320;20;33;0.1,470,1,270;-356250,356250;1;0;0;16.7,-13,16,-14.5
il-2m_mstitel;11.65;14.6;38.5;4838;650.75;620;0.6065;320;20;33;0.1,470,1,270;-356250,356250;1;0;0;16.7,-13,16,-14.5
il-4;14.79;21.44;66.7;5915;3000;600;0.75;320;0;0;0.1,480,0.5,380,1,280;-134480,268961;2;0;0;18,-15,16,-18
il_28;17.65;21.45;60.78;13170;6600;850;0.82;400;20;33;0.1,600,1,400;-379812,739812;2;0;0;15,-13.35,12,-22
il_28sh;17.65;21.45;60.78;13170;6600;850;0.82;400;20;33;0.1,600,1,400;-379812,739812;2;0;0;15,-13.35,12,-22
il_2m_1943;11.45;14.6;38.5;4838;550.75;620;0.6065;320;0;33;0.1,470,1,270;-356250,356250;1;0;0;16.7,-13,16,-14.5
il_2_1941;11.45;14.6;38.5;4181;470;620;0.6065;320;0;0;0.1,470,1,270;-356250,356250;1;0;0;16.7,-13,16,-14.5
il_2_37_1943;11.45;14.6;38.5;4838;550.75;620;0.6065;320;0;33;0.1,470,1,270;-356250,356250;1;0;0;16.7,-13,16,-14.5
il_2_m82;11.45;14.6;40.5;4858;550;620;0.6065;320;0;0;0.1,470,1,270;-356250,356250;1;0;0;16.7,-13,16,-14.5
intruder_mk_1;14.32;18.694;43.1814;5532;886;665;0.703;296;20;33;0.1,445,1,296;-131700,263400;2;0;0;16,-15.5,14.5,-13
itp-m1;9.2;10;16.4;2886;613;800;0.8;320;20;33;0.1,380,0.5,320,1,260;-112563,225125;1;0;0;22,-12,18,-18
i_180;6.88;10.09;14;2113;280;670;0.8;260;0;33;0.1,420,0.5,320,1,250;-76518,153036;1;0;0;20,-16,18.5,-14
i_180_event01;6.88;10.09;14;2113;280;670;0.8;260;0;33;0.1,420,0.5,320,1,250;-76518,153036;1;0;0;20,-16,18.5,-14
i_180_event02;6.88;10.09;14;2113;280;670;0.8;260;0;33;0.1,420,0.5,320,1,250;-76518,153036;1;0;0;20,-16,18.5,-14
i_180_event04;6.88;10.09;14;2113;280;670;0.8;260;0;33;0.1,420,0.5,320,1,250;-76518,153036;1;0;0;20,-16,18.5,-14
i_185_m71_standard;8.05;9.8;13.53;3147;480;800;0.81;320;20;33;0.1,400,0.5,320,1,280;-112563,225125;1;0;0;24,-12,18,-18
i_185_m82;8.1;9.8;13.53;2782;480;800;0.81;320;20;33;0.1,400,0.5,320,1,280;-112563,225125;1;0;0;24,-12,18,-18
i_29;9.8;14;31.1866;4086;935;680;0.75;320;0;0;0.1,380,1,280;-254722,445763;2;0;0;18.1,-13,17,-14.5
j1n1_mod11_early;12.3;17;32.2;4142;1613;712.5;0.73;350;20;33;0.1,450,1,290;-184232,286583;2;0;0;15.5,-13.75,15,-14
j2m2;9.895;10.8;20.05;2475;424.8;820;0.81;350;20;33;0.1,515,1,280;-141561,188748;1;126;0.06;18,-14.5,17,-14.01
j2m3;9.895;10.8;20.05;2649;424.8;820;0.81;350;20;33;0.1,515,1,280;-141561,188748;1;126;0.06;18,-14.5,17,-14.01
j2m4;10.08;10.8;20.05;3170;424.8;820;0.81;350;20;33;0.1,515,1,280;-141561,188748;1;126;0.06;17,-14.5,16,-14.01
j2m4_kai;10.08;10.8;20.05;3170;424.8;820;0.81;350;20;33;0.1,515,1,280;-141561,188748;1;126;0.06;17,-14.5,16,-14.01
j2m5;9.895;10.8;20.05;2715;424.8;820;0.81;350;20;33;0.1,515,1,280;-141561,188748;1;126;0.06;18,-14.5,17,-14.01
j2m5_30mm;9.895;10.8;20.05;2715;424.8;820;0.81;350;20;33;0.1,515,1,280;-141561,188748;1;126;0.06;18,-14.5,17,-14.01
j5n1;11.5;14;30.8;5819;959;810;0.73;320;20;33;0.1,450,1,280;-114047,342142;2;250;0.1577;16.5,-13.75,16,-14
j6b;7.28;11.99;23.88;1136;240;560;0.6;560;0;0;;-44931,89862;1;0;0;17.5,-16,17.5,-16
j6k1;10.118;12.5;23.68;3216;536.55;780;0.85;320;20;33;0.1,520.4,0.5,280;-168743,224990;1;290;0.085;16.2,-13.8,15,-13.01
j7w1;9.76;11.1;20.496;4400;588;900;1.1;450;20;33;0.1,520.4,1,320.4;-159043,270000;1;150;0.075;19.5,-15,18.5,-15
j8m1;5.92;9.3;17.4;1610;2030;1040;1.05;550;20;0;0.1,620.4,1,420.4;-81280,171280;1;0;0;18,-18,17,-17
jaguar_a;16.95;8.69;24;7500;3253;1273;1.5;481;20;33;0.2,926,0.33,525,1,410;-322000,644000;2;0;0;28,-24,28.5,-22
jaguar_gr1;16.95;8.69;24;7500;3253;1273;1.5;481;20;33;0.2,926,0.33,525,1,410;-322000,644000;2;0;0;28,-24,28.5,-22
jaguar_gr1a;16.95;8.69;24;7540;3253;1273;1.5;481;20;33;0.2,926,0.33,525,1,410;-322000,644000;2;0;0;28,-24,28.5,-22
javelin_fmk9;17.15;15.85;85.98;14200;3192;1035;1.1;407;20;33;0.1,540,1,370;-410000,750000;2;0;0;22,-20,19,-14
ju-188a-2;14.958;22;56;9886;2457;675;0.75;310;20;33;0.1,480,1,280;-577526,770035;2;0;0;17,-11.8,16.5,-15
ju-288c;18.13;23;64.6;14429;3226.4;675;0.6;310;20;33;0.1,480,1,280;-577526,770035;2;0;0;17,-11.8,16.5,-15
ju-388j;16.14;22.08;52;9864;1896.5;675;0.73;310;20;33;0.1,480,1,280;-397725,645264;2;0;0;18,-16,16,-14
ju-52;15.625;21.2;61.048;6821;1800;530;1.1;300;20;33;0.1,480,1,280;-180000,193592;3;0;0;16.2,-16.1,15,-13
ju-87b-2;10.83;13.8;24.6644;2929;579;680;1.1;680;0;33;0.1,520.4,1,320.4;-120000,291211;1;0;0;16.5,-15.3,18,-12
ju-87d-3;10.83;13.8;28.7;4001;578;730;0.65;800;0;33;0.1,500,1,320;-120000,291211;1;0;0;16.5,-15.3,18,-12
ju-87d-5;10.83;14.98;28.6;3947;578;730;0.65;800;0;33;0.1,500,1,320;-120000,291211;1;0;0;16.5,-15.3,18,-12
ju-87g_1;10.83;13.8;28.7;5130;578;730;0.65;800;0;33;0.1,500,1,320;-120000,291211;1;0;0;16.5,-15.3,18,-12
ju-87g_2;10.83;14.98;28.6;5168;578;730;0.65;800;0;33;0.1,500,1,320;-120000,291211;1;0;0;16.5,-15.3,18,-12
ju-87r-2;10.83;13.8;24.6644;2700;579;680;1.1;680;0;33;0.1,520.4,1,320.4;-120000,291211;1;0;0;16,-17.3,18,-12
ju-88a-1;14.359;18.25;52.3;6634;1220;675;0.68;310;20;33;0.1,480,1,280;-397725,417725;2;0;0;17,-16,16.5,-15.3
ju-88a-4;14.359;18.25;54.7;9065.91;1220;675;0.68;310;20;33;0.1,480,1,280;-397725,417725;2;0;0;17,-16,16.5,-15.3
ju-88c-6;14.359;18.25;54.7;9633;1226.4;675;0.68;310;20;33;0.1,480,1,280;-397725,645264;2;0;0;17,-16,16.5,-15.3
j_7e;14.1;8.32;24.84;5610;1980;1365;2.2;500;0;33;0.1,550.4,1,450.4;-210000,425810;1;0;0;32,-22,30,-25
j_7_mk2;14.1;7.15;22.98;5512;1940;1365;2.2;500;0;33;0.1,550.4,1,450.4;-210000,425810;1;0;0;30,-22,28,-25
ka_29;14.2;5.2;2.4492;8050;2560;540;0.79;420;0;0;;-300000,500000;2;0;0;25.6,-28,22.6,-21
ka_50;14.2;7.3;6.492;7220;2240;540;0.79;420;0;0;;-300000,500000;2;0;0;25.6,-28,22.6,-21
ka_52;14.2;7.3;6.492;7720;2240;540;0.79;420;0;0;;-300000,500000;2;0;0;25.6,-28,22.6,-21
kfir_c7;15.01;8.22;34.4;7285;2572;1460;2.5;426;0;0;;-240000,570000;1;0;0;35,-27,36,-27
ki-27_otsu;7.529;11.31;18.54;1186;238.9;554;0.55;550;0;0;0.1,350,1,220;-53250.8,81001;1;0;0;18,-13,17,-14.5
ki-45_ko;10.6;15.07;32.2;4051;1052;712.5;0.73;350;5;13;0.1,450,1,290;-184232,286583;2;0;0;17.5,-12,17,-12
ki-45_tei;10.6;15.07;32.2;4051;1052;712.5;0.73;350;5;13;0.1,450,1,290;-184232,286583;2;0;0;17.5,-12,17,-12
ki-49_1;16.808;20;69.05;6370;2448;580;1.1;260;20;33;0.1,450,0.5,300,1,240;-154923,219692;2;0;0;17.5,-17,16.5,-8
ki-49_2a;16.808;20;69.05;6759;2448;580;1.1;300;20;33;0.1,450,1,250;-154923,219692;2;0;0;17.5,-17,16.5,-8
ki-49_2b;16.808;20;69.05;6759;2448;580;1.1;300;20;33;0.1,450,1,250;-154923,219692;2;0;0;17.5,-17,16.5,-8
ki-83;12.5;15.7;34;6062;2090;870;0.85;310;20;33;0.1,560,0.5,420;-214196,582120;2;170;0.0942;16,-14,14,-13.5
ki-96;11.45;15.7;34;4591;928;762;0.79;310;20;33;0.1,460,1,260;-214196,264196;2;200;0.0942;17,-13.75,16,-12
kitsuka;9.25;10;13.24;2440;526;980;0.88;380;20;33;0.1,580,1,380;-72931,162931;2;0;0;17,-16,14,-13
ki_100_2;8.74;12;20;2873.5;483.75;850;0.75;250;20;33;0.1,300,1,230;-119497,159330;1;132;0.094;17,-14,15.1,-17
ki_100_early;8.74;12;20;2700;483.75;850;0.75;250;20;33;0.1,300,1,230;-119497,159330;1;132;0.094;17,-14,15.1,-17
ki_102_otsu;11.45;15.7;34;5547;1140;762;0.79;310;20;33;0.1,460,1,260;-232505,304045;2;200;0.0942;17,-13.75,16,-12
ki_108;13.05;17.3;39.8;5880;1140;762;0.79;310;20;33;0.1,460,1,260;-275772,367696;2;200;0.0942;18,-13.75,17.5,-13
ki_109;18.7;22.5;65.82;8559;1570;650;0.67;300;20;33;0.1,450,1,250;-102000,306000;2;0;0;16,-11,15,-12
ki_10_1;7.2;12.48;20;1335;238;600;0.75;560;0;0;;-51200,93800;1;0;0;22,-14,21,-14
ki_10_2;7.72;12.82;24.39;1385;238;600;0.75;560;0;0;;-51200,93800;1;0;0;22,-14,21,-14
ki_21_1hei;16;22.5;64.5;4250.5;2130;540;0.58;380;20;33;0.1,450,1,250;-90506,271518;2;0;0;22,-12,15,-19
ki_21_1ko;16;22.5;64.5;4250.5;2130;540;0.58;380;20;33;0.1,450,1,250;-90506,271518;2;0;0;22,-12,15,-19
ki_32;11.64;15;40.84;2679;460;600;0.7;600;20;33;0.1,600,1,280;-148176,197568;1;0;0;18,-13,17,-14.5
ki_43_1;8.92;10.84;21.2;1687;407;630;0.65;300;20;33;0.1,450,0.4,350,1,250;-55944.2,109907;1;0;0;15.6,-12.2,15,-12
ki_43_2;8.92;10.84;21.68;1981;470;661;0.65;300;20;33;0.1,450,0.4,350,1,250;-95182.5,126910;1;0;0;15.6,-14.2,15,-14
ki_43_3_ko;8.92;10.84;21.2;2000;396;690;1.1;330;20;33;0.1,500,1,300;-100144,133525;1;110;0.46;14.6,-12.2,16.6,-14.732
ki_43_3_otsu;8.92;10.5;22.28;1934;525;661;0.65;330;20;33;0.1,400,0.5,350,1,250;-100144,133525;1;126;0.06;15.6,-14.2,15,-14
ki_44_1;8.85;9.45;15.432;2024;378.75;850;0.81;300;20;33;0.1,400,0.4,400,1,250;-105822,158733;1;0;0;19,-17.7,17.5,-12
ki_44_2_hei;8.85;9.45;15.432;2099;378.75;850;0.81;300;20;33;0.1,400,0.4,400,1,250;-105822,158733;1;110;0.061;19,-17.7,17.5,-12
ki_44_2_otsu;8.85;9.45;15.432;2015;378.75;850;0.81;300;20;33;0.1,400,0.4,400,1,250;-105822,158733;1;110;0.061;19,-17.7,17.5,-12
ki_61_1a_hei;8.74;12;20;2566;414.503;850;0.75;250;20;33;0.1,300,1,230;-119497,159330;1;0;0;17,-14,15.1,-17
ki_61_1a_ko;8.74;12;20;2377;414.503;850;0.75;250;20;33;0.1,300,1,230;-119497,159330;1;0;0;17,-14,15.1,-17
ki_61_1a_otsu;8.74;12;20;2530;414.503;850;0.75;250;20;33;0.1,300,1,230;-119497,159330;1;0;0;17,-14,15.1,-17
ki_61_1a_tei;8.74;12;20;2827.12;483.75;850;0.75;250;20;33;0.1,300,1,230;-119497,159330;1;0;0;17,-14,15.1,-17
ki_61_2_early;8.74;12;20;3162;483.75;850;0.75;330;20;33;0.1,300,1,230;-119497,234281;1;0;0;17,-14,15.1,-17
ki_67_1_ko;18.7;22.5;65.82;8400;3630;650;0.67;300;20;33;0.1,450,1,250;-102000,306000;2;0;0;16,-11,15,-12
ki_67_1_otsu;18.7;22.5;65.82;8400;3630;650;0.67;300;20;33;0.1,450,1,250;-102000,306000;2;0;0;16,-11,15,-12
ki_84_hei;9.74;11.238;21;2845;407.11;837;0.82;270;20;33;0.1,500,0.5,380,1,280;-163646,218195;1;132;0.06;19,-17.7,16.5,-12
ki_84_ko;9.74;11.238;21;2845;407.11;837;0.82;270;20;33;0.1,500,0.5,380,1,280;-163646,218195;1;132;0.06;19,-17.7,16.5,-12
ki_84_otsu;9.74;11.238;21;2845;407.11;837;0.82;270;20;33;0.1,500,0.5,380,1,280;-163646,218195;1;132;0.06;19,-17.7,16.5,-12
ki_87;11.3;13.423;26;4562;607;880;0.85;320;20;33;0.1,480,1,280;-163646,343848;1;0;0.2;15.5,-13.8,15,-12
ki_94_2;12;14;28;5046;866;850;0.81;280;20;33;0.1,680,0.3,480,1,280;-188000,340000;1;260;0.2;16.2,-13.8,15,-12
kor_1;8.875;11;31.8;1800;619;400;0.6;400;20;33;0.1,520.4,1,320.4;-97020,97020;1;0;0;18,-15,17,-15
la-11;8.46;9.8;17.717;2981;544;850;0.8;320;20;33;0.1,480,0.5,400,1,290;-135000,216000;1;0;0;18,-15,16,-16
la-15;9.563;8.83;16.2;2790;900;945;0.94;450;20;33;0.1,520.4,1,320.4;-110300,227724;1;0;0;16.2,-13,14.5,-12.5
la-5fn;8.81;9.8;17.62;2852;334;735;0.77;310;20;33;0.1,470,1,270;-209247,209247;1;0;0;16.5,-16,16,-16
la-5f_type_39;8.81;9.8;17.62;2686;345;735;0.77;310;20;33;0.1,470,1,270;-209247,209247;1;0;0;16.5,-16,16,-16
la-5_type37_early;8.81;9.8;17.62;2693;345;735;0.77;340;20;33;0.1,450,1,280;-209247,209247;1;0;0;16.5,-16,16,-16
la-7;8.81;9.8;17.62;2780.5;330;735;0.77;320;20;33;0.1,530,1,300;-209247,209247;1;0;0;16.5,-16,16,-16
la-7b-20;8.81;9.8;17.62;2838;303;735;0.77;320;20;33;0.1,530,1,300;-209247,209247;1;0;0;16.5,-16,16,-16
la-9;8.46;9.8;17.717;2727;503.7;850;0.8;320;20;33;0.1,520,0.5,400,1,290;-135000,216000;1;0;0;18,-15,16,-16
lagg-3-1;8.81;9.8;17.62;2644;0;640;1.1;0;20;33;;-209247,209247;1;0;0;17.5,-12,17,-10
lagg-3-11;8.844;9.8;17.62;2781;211.5;700;0.8;350;20;33;0.1,460,1,280;-137327,183103;1;0;0;17,-12,15.3,-10
lagg-3-23;8.844;9.8;17.62;2840;211.5;700;0.8;350;20;33;0.1,460,1,280;-137327,183103;1;0;0;17,-12,15.3,-10
lagg-3-29;8.81;9.8;17.62;2644;0;640;1.1;0;20;33;;-209247,209247;1;0;0;17.5,-12,17,-10
lagg-3-34;8.844;9.8;17.62;2838;211.5;700;0.8;450;20;33;0.1,460,1,280;-137327,183103;1;0;0;17,-12,15.3,-10
lagg-3-35;8.844;9.8;17.62;2640;211.5;700;0.8;450;20;33;0.1,460,1,280;-139356,185808;1;0;0;17,-12,15.3,-10
lagg-3-4;8.844;9.8;17.62;2838;350;700;0.8;350;20;33;0.1,460,1,280;-137327,183103;1;0;0;15.8,-14,14.3,-10
lagg-3-66;8.844;9.8;17.62;2490;211.5;700;0.8;450;20;33;0.1,460,1,280;-139356,185808;1;0;0;17,-12,15.3,-10
lagg-3-8;8.844;9.8;17.62;2890;350;700;0.8;350;20;33;0.1,460,1,280;-137327,183103;1;0;0;17,-12,15.3,-10
lagg-i-301;8.844;9.8;17.62;2834;275.444;700;0.8;350;20;33;0.1,460,1,280;-137327,183103;1;0;0;17,-12,15.3,-10
lagg_3_8;8.81;9.8;17.62;2822;410.5;680;1.1;450;20;33;0,510,1,320.4;-209247,209247;1;0;0;17.8,-11,16.3,-10
lagg_gu-37;8.81;9.8;17.62;2644;0;640;1.1;0;20;33;;-209247,209247;1;0;0;17.5,-12,17,-10
lancaster_mk1;21.1836;31.0896;111.948;17876;7050;608;0.63;338;20;33;0.1,440,0.5,338,1,282;-420100,630100;4;0;0;16,-15.5,14.5,-13
lancaster_mk3;21.1836;31.0896;111.948;17897;7050;608;0.63;338;20;33;0.1,440,0.5,338,1,282;-420100,630100;4;0;0;16,-15.5,14.5,-13
la_174;9.563;8.83;16.16;2671;900;945;0.94;450;20;33;0.1,520.4,1,320.4;-110300,227724;1;0;0;16.2,-13,14.5,-12.5
la_200_toriy;16.35;12.96;40;7700;2554;1123;1.1;450;20;33;0.1,650,1,450;-300000,600000;2;0;0;19,-14,12.5,-16
leo_451_early;17.17;22.52;55.3;7820;2100;550;0.52;340;20;33;0.1,400,1,270;-272317,363090;2;0;0;15,-14.2,14.4,-12.2
leo_451_late;17.17;22.52;55.3;7820;2100;550;0.52;340;20;33;0.1,400,1,270;-272317,363090;2;0;0;15,-14.2,14.4,-12.2
li-2;19.647;28.813;91.7;8994;1160;600;0.73;310;0;33;0.1,480,1,280;-173215,247450;2;0;0;16.2,-14,15.1,-17
lightning_f6;16.84;10.62;42.6;13900;4539;1324;2.2;463;0;33;0.1,720,1,463;-550000,1e+06;2;0;0;31.1,-31,33.8,-32
lincoln_b2;23.865;36.576;132;20225;9340;612.5;0.63;341;20;33;0.1,420,1,296;-295000,587500;4;0;0;16,-15.5,14.5,-13
lynx_ah_mk1;16;4.5;3.2;2682;973;460;0.79;420;0;0;;-70000,130000;2;0;0;28.6,-28,22.6,-21
martin_139wc;13.63;21.5;63;4931;1354;564;0.65;235;20;33;0.1,340,1,235;-110000,220500;2;0;0;15,-13,14.5,-12
maryland_mk1;14.224;18.694;49.842;5332;1008;574;0.72;278;20;33;0.1,340,1,210;-123100,295500;2;0;0;16.2,-15.5,14.8,-13
mbr-2;13.5;18.8;54.4;3036;812.2;405;0.6;450;20;33;0.1,520.4,1,320.4;-83000,166600;1;0;0;14.5,-13.5,13,-13.5
mb_152c1;9.104;10.68;16.22;2251;305;830;0.81;310;0;0;0.1,470,1,270;-209247,209247;1;0;0;17,-16,16.5,-13
mb_157;9.7;10.68;16.61;2675;345;810;0.81;340;20;33;0.1,470,0.1,380,1,270;-139973,186631;1;0;0;17,-16,16.5,-13
mb_162;22.16;28.4;107;11212;4850;560;0.65;280;20;33;0.1,340,0.5,300,1,260;-275170,458618;4;0;0;17.57,-17.7,16,-15
mb_174_a3;12.23;17.92;38.55;5087;1222;680;0.75;280;20;33;0.1,340,0.5,300,1,260;-175596,386311;2;0;0;17.57,-17.7,16,-15
mb_175t;12.05;17.96;42.42;5480;1530;680;0.75;280;20;33;0.1,340,0.5,300,1,260;-175596,386311;2;0;0;17.57,-17.7,16,-15
mb_5;11.5;10.66;24.3;4500;698;890;0.87;330;0;0;0,450,0.3,370,1,273;-150000,295000;1;0;0;18,-17,17.2,-20
mc-202;8.85;10.58;16.67;2622;307;845;0.81;300;20;33;0.1,600,0.5,340,1,260;-87000,227000;1;0;0;17.5,-14,16,-18
mc-202_d;8.85;10.58;16.67;2586;307;845;0.81;300;20;33;0.1,600,0.5,340,1,260;-87000,227000;1;0;0;17.5,-14,16,-18
mc-202_ec;8.85;10.58;16.67;2713;307;820;0.81;300;20;33;0.1,600,0.5,340,1,260;-87000,227000;1;0;0;17.5,-14,16,-18
mc-205_n2;9.549;11.25;19;3188;365;845;0.81;300;20;33;0.1,600,0.5,340,1,260;-87000,227000;1;0;0;17.5,-12,16,-18
mc-205_serie1;8.85;10.58;16.67;2805;307;845;0.81;300;20;33;0.1,600,0.5,340,1,260;-87000,227000;1;0;0;17.5,-14,16,-18
mc-205_serie3;8.85;10.58;16.67;2894;307;845;0.81;300;20;33;0.1,600,0.5,340,1,260;-87000,227000;1;0;0;17.5,-14,16,-18
mc200_serie3;8.196;10.58;16.67;2050;197;845;0.81;300;20;33;0.1,600,0.5,340,1,260;-82061,177017;1;0;0;16.5,-14,15,-18
mc200_serie7;8.196;10.58;16.67;2105;286;845;0.81;300;20;33;0.1,600,0.5,340,1,260;-85641,192978;1;0;0;17.5,-14,16,-18
md_450b_barougan;9.56;12.29;23.52;4800;1184;1030;0.87;450;20;33;0.1,650,1,450;-162000,294000;1;0;0;18.5,-14,14.5,-16
md_450b_ouragan;9.56;12.29;23.52;4750;1184;1030;0.87;450;20;33;0.1,650,1,450;-162000,294000;1;0;0;18.5,-14,14.5,-16
md_452_mystere_2a;12.243;11.33;30.24;5540;1400;1108;0.98;450;20;33;0.1,650,1,450;-182000,400000;1;0;0;18.5,-14,14.5,-16
md_452_mystere_2c_preproduction;12.243;11.33;30.24;5900;1400;1108;0.98;450;20;33;0.1,650,1,450;-182000,420000;1;0;0;18.5,-14,14.5,-16
md_454_mystere_4a;12.9;10.514;32;5920;1960;1166;1.05;447;20;33;0.2,620,1,408;-185500,425500;1;0;0;20,-16,18,-17
md_460;13.9;10.514;35;7105;2031;1265;1.47;447;20;33;0.2,620,1,435;-175500,485500;1;0;0;20,-16,18,-17
md_460_saar;14.6;10.514;35;6840;2031;1265;1.47;447;20;33;0.2,620,1,435;-175500,485500;1;0;0;20,-16,18,-17
md_460_sambad;13.9;10.514;35;7105;2031;1265;1.47;447;20;33;0.2,620,1,435;-175500,485500;1;0;0;20,-16,18,-17
me-163b-0;5.92;9.3;19.6;1900;2010;1040;1.05;550;20;0;0.1,620.4,1,420.4;-91280,191280;1;0;0;18,-18,17,-17
me-163b-1;5.92;9.3;19.6;1900;2010;1040;1.05;550;20;0;0.1,620.4,1,420.4;-91280,191280;1;0;0;18,-18,17,-17
me-163b;5.92;9.3;19.6;1900;2010;1040;1.05;550;20;0;0.1,620.4,1,420.4;-91280,191280;1;0;0;18,-18,17,-17
me-262a-1a;10.58;12.5;21.78;4280;1950;1050;0.95;450;20;33;0.1,580.4,1,380.4;-149812,329812;2;0;0;17.5,-13.35,14,-22
me-262a-1a_early;10.58;12.5;21.78;4280;1463;1050;0.95;450;20;33;0.1,580.4,1,380.4;-149812,329812;2;0;0;17.5,-13.35,14,-22
me-262a-1a_u4;10.58;12.5;21.78;4280;1950;1050;0.95;450;20;33;0.1,580.4,1,380.4;-149812,329812;2;0;0;17.5,-13.35,14,-22
me-262a-1b;10.58;12.5;21.78;4280;1950;1050;0.95;450;20;33;0.1,580.4,1,380.4;-149812,329812;2;0;0;17.5,-13.35,14,-22
me-262a-2a;10.58;12.5;21.78;4080;1950;1050;0.95;450;20;33;0.1,580.4,1,380.4;-149812,329812;2;0;0;17.5,-13.35,14,-22
me-262a_1_u1;10.58;12.5;21.78;4550;1950;1050;0.95;450;20;33;0.1,580.4,1,380.4;-149812,329812;2;0;0;17.5,-13.35,14,-22
me-262c-1a;10.58;12.5;21.78;4995;833;1050;0.95;450;20;33;0.1,520.4,1,320.4;-149812,319812;2;0;0;17.5,-13.35,14,-22
me-262c-2b;10.58;12.5;21.78;4775;833;1050;0.95;450;20;33;0.1,520.4,1,320.4;-149812,319812;2;0;0;17.5,-13.35,14,-22
me-410a-1;12.15;16.4;36.8;7534;1679;750;0.75;350;20;33;0.1,480,1,280;-209000,560000;2;70;0.0195;17.5,-16.5,16.5,-15
me-410a-1_u4;12.15;16.4;36.8;7534;1679;750;0.75;350;20;33;0.1,480,1,280;-209000,560000;2;70;0.0195;17.5,-16.5,16.5,-15
me-410b-1;12.15;16.4;36.8;7534;1679;750;0.75;350;20;33;0.1,480,1,280;-209000,560000;2;70;0.0195;17.5,-16.5,16.5,-15
me-410b-2_u4;12.15;16.4;36.8;7534;1679;750;0.75;350;20;33;0.1,480,1,280;-209000,560000;2;70;0.0195;17.5,-16.5,16.5,-15
me-410b-6_r3;12.15;16.4;36.8;7534;1679;750;0.75;350;20;33;0.1,480,1,280;-209000,560000;2;70;0.0195;17.5,-16.5,16.5,-15
meteor_fmk3;12.62;13.11;34.68;4280;1200;850;0.83;390;20;33;0.1,520.4,1,290;-130238,280238;2;0;0;16.5,-13,14,-12
meteor_fmk3_navy;12.62;13.11;34.68;5515.6;1200;850;0.83;390;20;33;0.1,520.4,1,290;-130238,290238;2;0;0;16.5,-13,14,-12
meteor_fmk4_lw;12.62;13.11;34.68;5515.6;1200;999;0.86;390;20;33;0.1,520.4,1,290;-170238,320238;2;0;0;16.5,-13,14,-12
meteor_fmk4_sw;12.62;11.23;32.56;5515.6;1200;999;0.86;390;20;33;0.1,520.4,1,290;-190238,370238;2;0;0;17,-13,14,-12
meteor_fmk8;12.62;11.23;32.56;5382.6;1524;999;0.89;390;20;33;0.1,520.4,1,290;-170238,390238;2;0;0;17,-13,14,-12
meteor_fmk8_reaper;12.62;11.23;32.56;5382.6;1524;999;0.89;390;20;33;0.1,520.4,1,290;-170238,390238;2;0;0;17,-13,14,-12
meteor_nfmk13;14.8;13.1;34.68;5890;1524;999;0.89;390;20;33;0.1,520.4,1,290;-170238,390238;2;0;0;17,-13,14,-12
me_264;20.9;39;118;21150;10074;609;0.64;309;20;33;0.1,380,1,290;-532000,1.064e+06;4;2500;0.7;17.5,-17,17,-14
mi-35;17.51;6.4;4.8;8350;2241;520;0.79;420;0;0;;-300000,500000;2;0;0;25.6,-28,22.6,-21
mig-15;10.1;10.08;20.6;3648;1162;1132;1.1;450;0;33;0.1,650,1,450;-162000,294000;1;0;0;17,-14,12.5,-16
mig-15bis_ish;10.1;10.08;20.6;3768;1162;1132;1.1;450;0;33;0.1,650,1,450;-162000,294000;1;0;0;17,-14,12.5,-16
mig-15_ns23;10.1;10.08;20.6;3508;1210;1132;1.1;450;0;33;0.1,650,1,450;-124001,290001;1;0;0;17,-14,12.5,-16
mig-17;11.264;9.6;22.6;3868;1173;1150;1.1;450;0;33;0.1,650,1,450;-134001,315000;1;0;0;17,-14,12.5,-16
mig-17f;11.264;9.6;22.6;4022;1170;1150;1.1;450;0;33;0.1,650,1,450;-138001,318000;1;0;0;17,-14,12.5,-16
mig-19;13.02;9;25.16;5750;1800;1260;1.68;577;0;33;0.2,700,0.33,500,1,450;-215000,435000;2;0;0;22,-21,16,-17
mig-19j_6a;13.02;9;25.16;5750;1800;1260;1.68;577;0;33;0.2,700,0.33,500,1,450;-215000,435000;2;0;0;22,-21,16,-17
mig-19s;12.54;9;25.16;5447;1800;1260;1.68;577;0;33;0.2,700,0.33,500,1,450;-215000,435000;2;0;0;22,-21,16,-17
mig-21_bis;14.1;7.15;22.98;6030;2400;1365;2.21;700;0;55;0.1,550.4,1,450.4;-270000,475810;1;0;0;30,-22,28,-25
mig-21_f13;14.1;7.15;22.98;5110;2030;1260;2.2;700;0;33;0.1,550.4,1,450.4;-210000,425810;1;0;0;30,-22,28,-25
mig-21_mf;14.1;7.15;22.98;5860;2296;1365;2.205;700;0;55;0.1,550.4,1,450.4;-270000,475810;1;0;0;30,-22,28,-25
mig-21_pfm;14.1;7.15;22.98;5590;2160;1365;2.2;700;0;55;0.1,550.4,1,450.4;-210000,425810;1;0;0;30,-22,28,-25
mig-21_s;14.1;7.15;22.98;5860;2296;1365;2.205;700;0;55;0.1,550.4,1,450.4;-270000,475810;1;0;0;30,-22,28,-25
mig-21_smt;14.1;7.15;22.98;5950;2665;1365;2.205;700;0;55;0.1,550.4,1,450.4;-270000,475810;1;0;0;30,-22,28,-25
mig-9;9.75;10;18.2;3505;1289;1020;0.89;380;0;33;0.1,480,1,300;-120000,290000;2;0;0;15.4,-14,14,-17
mig-9_ussr;9.75;10;18.2;3655;1289;1020;0.89;380;0;33;0.1,480,1,300;-120000,290000;2;0;0;15.4,-14,14,-17
mig_23m;16.7;0,14,0.5,11.5,1,7.8;0,37,0.5,36,1,34;11050;4040;0,892,0.5,1312,1,1470;0,0.85,0.5,2.35,1,2.4;630;0;50;0.2,700,0.33,520,1,473;0,-275000,790000,0.5,-295000,820000,1,-295000,820000;1;0;0;0,18.5,-16,19.5,-16,0.5,23.5,-18,22.5,-16,1,39,-21,34,-11
mig_23mf;16.7;0,14,0.5,11.5,1,7.8;0,37,0.5,36,1,34;11050;4040;0,892,0.5,1312,1,1470;0,0.85,0.5,2.35,1,2.4;630;0;50;0.2,700,0.33,520,1,473;0,-275000,790000,0.5,-295000,820000,1,-295000,820000;1;0;0;0,18.5,-16,19.5,-16,0.5,23.5,-18,22.5,-16,1,39,-21,34,-11
mig_23mld;16.7;0,14,0.5,11.5,1,7.8;0,37,0.5,36,1,34;10600;3700;0,892,0.5,1312,1,1470;0,0.85,0.5,2.35,1,2.4;630;0;50;0.2,700,0.33,520,1,473;0,-300000,830000,0.5,-300000,830000,1,-300000,850000;1;0;0;0,23.5,-18,23.5,-18,0.5,30.5,-22,31.5,-18,1,38,-21,34,-11
mig_27k;16.7;0,14,0.5,11.5,1,7.8;0,37,0.5,36,1,34;11500;4530;0,840,0.5,1155,1,1417;0,0.85,0.5,1.75,1,1.8;630;0;50;0.2,700,0.33,520,1,473;0,-275000,790000,0.5,-295000,820000,1,-295000,820000;1;0;0;0,18.5,-16,19.5,-16,0.5,23.5,-18,22.5,-16,1,39,-21,34,-11
mig_27m;16.7;0,14,0.5,11.5,1,7.8;0,37,0.5,36,1,34;11500;4530;0,840,0.5,1155,1,1417;0,0.85,0.5,1.75,1,1.8;630;0;50;0.2,700,0.33,520,1,473;0,-275000,790000,0.5,-295000,820000,1,-295000,820000;1;0;0;0,18.5,-16,19.5,-16,0.5,23.5,-18,22.5,-16,1,39,-21,34,-11
mig_3_series_1_15;8.255;10.2;14;2780;335;677;0.75;320;20;33;0.1,480,1,280;-82287,197489;1;0;0;18,-16,16,-15
mig_3_series_1_15_bk_pod;8.255;10.2;14;2920;335;677;0.75;320;20;33;0.1,480,1,280;-82287,197489;1;0;0;18,-16,16,-15
mig_3_series_34;8.255;10.2;14;2798;335;700;0.77;320;20;33;0.1,480,1,280;-82287,197489;1;0;0;19,-16,18,-15
mig_3_series_pod;8.255;10.2;17.44;2870;0;645;1.1;0;20;33;;-222160,222160;1;0;0;17,-16,16,-12
mirage_3c;14.77;8.22;31.8;6240;1866;1460;2.1;426;0;0;;-190000,480000;1;0;0;29,-22,25,-25
mirage_3e;15.01;8.22;31.8;7260;1896;1460;2.1;426;0;0;;-190000,480000;1;0;0;29,-22,25,-25
mirage_5f;15.01;8.22;31.8;7150;2280;1460;2.1;426;0;0;;-190000,480000;1;0;0;29,-22,25,-25
mirage_5_nesher;15.01;8.22;31.8;7190;2460;1460;2.1;426;0;0;;-190000,480000;1;0;0;29,-22,25,-25
mi_24a;17.51;6.4;6.6;8100;2241;520;0.79;420;0;0;;-300000,500000;2;0;0;25.6,-28,22.6,-21
mi_24p;17.51;6.4;6.6;8500;2241;520;0.79;420;0;0;;-300000,500000;2;0;0;25.6,-28,22.6,-21
mi_24p_german;17.51;6.4;6.6;8500;2241;520;0.79;420;0;0;;-300000,500000;2;0;0;25.6,-28,22.6,-21
mi_24v;17.51;6.4;6.6;8500;2241;520;0.79;420;0;0;;-300000,500000;2;0;0;25.6,-28,22.6,-21
mi_28n;17.51;4.86;1.8;8550;1680;520;0.79;420;0;0;;-300000,500000;2;0;0;25.6,-28,22.6,-21
mi_28nm;17.51;4.86;1.8;8750;1680;520;0.79;420;0;0;;-300000,500000;2;0;0;25.6,-28,22.6,-21
mi_35m;17.51;6.4;4.8;8350;2241;520;0.79;420;0;0;;-300000,500000;2;0;0;25.6,-28,22.6,-21
mi_4av;17.51;3.2;1.2;5900;825;450;0.79;420;0;0;;-100000,250000;1;0;0;28.6,-28,22.6,-21
morko_morane;8.17;10.62;16.04;2179;299;756;0.76;320;0;0;0.1,410,1,270;-110001,165001;1;0;0;16.2,-15.5,14.7,-13
mosquito_fb_mk18;12.44;16.51;40.468;7679;2121;720;0.715;315;20;33;0.1,416,0.33,356,1,264;-145000,333040;2;0;0;16.1,-15.4,14.8,-14.2
mosquito_fb_mk6;12.44;16.51;40.468;6819;1467;720;0.715;315;20;33;0.1,416,0.33,356,1,264;-145000,333040;2;0;0;16.1,-15.4,14.8,-14.2
ms_405;8.17;10.62;16.04;2029;299;756;0.76;320;0;0;0.1,410,1,270;-110001,165001;1;0;0;16.2,-15.5,14.7,-13
ms_406c1;8.17;10.62;16.04;2039;299;756;0.76;320;0;0;0.1,410,1,270;-110001,165001;1;0;0;16.2,-15.5,14.7,-13
ms_410c1;8.17;10.62;16.04;2118;299;756;0.76;320;0;0;0.1,410,1,270;-110001,165001;1;0;0;16.2,-15.5,14.7,-13
n1k1_ja;8.89;11.99;22.3;2849;576.7;780;0.8;280;20;33;0.1,520.4,0.5,390.4;-119438,238875;1;126;0.06;16.5,-14.5,15,-13.01
n1k1_kyuofu;10.589;11.99;21.36;2809;481;600;0.7;600;20;33;0.1,400,1,350;-127138,116106;1;0;0;16.5,-14.5,15,-13.01
n1k2_j;9.29;11.99;23.5;3010;576.7;780;0.8;450;20;33;0.1,520.4,1,320.4;-175654,215654;1;126;0.06;16.5,-14.5,15,-13.01
nc_223_3;21.81;33.6;157.145;10553;4467;450;0.75;320;20;33;0.1,520.4,1,260;-282327,376437;4;0;0;19,-18,17,-15
night_fighter_mk_2;14.63;18.69;44;7265;0;720;1.1;0;20;33;;-820302,820302;2;0;0.3083;16,-16,14,-22
nimrod_mk1;8.24;13.75;27.96;1335;161;600;0.75;600;0;0;;-40208,88458;1;0;0;18,-16,18,-16
nimrod_mk2;8.24;13.75;27.96;1560;161;600;0.75;600;0;0;;-40208,88458;1;0;0;18,-16,18,-16
os2u_1;10.31;10.94;25.7;1937;381.57;405;0.55;350;20;33;0.1,360,1,160;-180178,180178;1;0;0;18.4,-17.4,17.6,-14.9
osprey_mk4;8.94;11.28;31.49;1787;261;450;0.75;450;0;0;;-40208,88458;1;0;0;18,-16,18,-16
p-26a_33;7.19;8.525;13.89;1088;290;508;0.7;508;0;0;;-62021,87417;1;0;0;18,-8,18,-10
p-26a_34;7.19;8.525;13.89;1088;290;508;0.7;508;0;0;0.1,500,1,240;-62021,87417;1;0;0;18,-8,18,-10
p-26a_34_m2;7.19;8.525;13.89;1133;290;508;0.7;508;0;0;0.1,500,1,240;-62021,87417;1;0;0;18,-8,18,-10
p-26a_35;7.19;8.525;13.89;1141;290;508;0.7;508;0;0;0.1,500,1,240;-62021,87417;1;0;0;18,-8,18,-10
p-26b_35;7.19;8.525;13.89;1141;290;508;0.7;508;0;0;0.1,500,1,240;-62021,87417;1;0;0;18,-8,18,-10
p-36a;8.69;11.37;21.93;2068;443.6;681;0.78;290;20;33;0.1,520.4,1,232;-64967,123437;1;0;0;17.57,-17.7,16,-15
p-36c;8.69;11.37;21.93;2122;379.8;770;0.78;290;20;33;0.1,520.4,1,232;-88325,149373;1;0;0;17.57,-17.7,16,-15
p-36g;8.69;11.37;21.93;2172;379.7;770;0.78;290;20;33;0.1,520.4,1,232;-88325,149373;1;0;0;17.57,-17.7,16,-15
p-38e;11.56;15.8496;30.42;5920;820;790;0.74;289;20;33;0.1,620,0.5,403,1,250;-190000,328917;2;0;0;16.5,-18,19,-18
p-38g;11.56;15.8496;30.42;6050;820;790;0.74;289;20;33;0.1,620,0.5,403,1,250;-190000,328917;2;0;0;16.5,-18,19,-18
p-38j;11.56;15.8496;30.42;6480;1114;790;0.74;289;20;33;0.1,620,0.5,403,1,250;-190000,358917;2;0;0;16.5,-18,19,-18
p-38k;11.56;15.8496;30.42;6510;1114;790;0.74;289;20;33;0.1,620,0.5,403,1,250;-190000,358917;2;100;0.0416;16.5,-18,19,-18
p-38l;11.56;15.8496;30.42;6510;1114;790;0.74;289;20;33;0.1,620,0.5,403,1,250;-190000,358917;2;0;0;16.5,-18,19,-18
p-39k_1;9.194;10.36;19.862;2955.5;326.6;886;0.81;322;20;33;0.1,420,0.5,340,1,233;-158128,212538;1;0;0;16,-15.2,15,-14
p-39n;9.194;10.36;19.862;2786.8;326.6;886;0.81;322;20;33;0.1,450,1,241;-149764,199685;1;0;0;16,-15.2,14.5,-14
p-39n_su;9.194;10.36;19.862;2786.8;326.6;886;0.81;322;20;33;0.1,450,1,241;-149764,199685;1;0;0;16,-15.2,14.5,-14
p-39q_15;9.194;10.36;19.862;2786.8;236.76;886;0.81;322;20;33;0.1,450,1,241;-149764,199685;1;0;0;16,-15.2,14.5,-14
p-39q_25;9.194;10.36;19.862;2786.8;236.76;886;0.81;322;20;33;0.1,450,1,241;-149764,199685;1;0;0;16,-15.2,14.5,-14
p-39q_5;9.194;10.36;19.862;2910;236.76;886;0.81;322;20;33;0.1,450,1,241;-149764,199685;1;0;0;16,-15.2,14.5,-14
p-400;9.194;10.36;19.862;3020;326.6;886;0.81;322;20;33;0.1,420,0.5,340,1,233;-158128,212538;1;0;0;16,-15.2,15,-14
p-40c;9.68;11.3665;21.93;2983;371;795;0.78;300;20;33;0.1,645,0.5,445,1,245;-103998,226905;1;0;0;17.57,-15,17,-15
p-40c_china;9.68;11.3665;21.93;2983;371;795;0.78;300;20;33;0.1,645,0.5,445,1,245;-103998,226905;1;0;0;17.57,-15,17,-15
p-40e;9.665;11.3665;21.93;3276;403;819;0.78;300;20;33;0.1,645,0.5,445,1,245;-103998,226905;1;0;0;17.57,-15,17,-15
p-40f;10.153;11.3665;21.93;3358;403;819;0.81;300;20;33;0.1,645,0.5,445,1,245;-103998,226905;1;0;0;17.57,-15,17,-15
p-47d-28;10.617;12.444;26.62;4970.5;1033.1;885;0.9;450;20;33;0.1,520.4,1,320.4;-166000,385000;1;113;0.1569;16,-15.4,15,-12.2
p-47d;10.617;12.444;26.62;4970.5;1033.1;885;0.9;450;20;33;0.1,520.4,1,320.4;-166000,385000;1;113;0.1255;16,-15.4,15,-12.2
p-47d_16_re;10.617;12.444;26.62;4970.5;843.15;885;0.9;450;20;33;0.1,520.4,1,320.4;-166000,385000;1;113;0.1255;16,-15.4,15,-12.2
p-47d_22_re;10.617;12.444;26.62;4838.38;843.15;885;0.9;450;20;33;0.1,520.4,1,320.4;-166000,385000;1;113;0.1255;16,-15.4,15,-12.2
p-47d_23_re;10.617;12.444;26.62;4838.38;843.15;885;0.9;450;20;33;0.1,520.4,1,320.4;-166000,385000;1;113;0.1255;16,-15.4,15,-12.2
p-47d_ussr;10.617;12.444;26.62;4970.5;1033.1;885;0.9;450;20;33;0.1,520.4,1,320.4;-166000,385000;1;113;0.1255;16,-15.4,15,-12.2
p-47m-1-re;10.617;12.444;26.62;4855;1050;885;0.9;450;20;33;0.1,520.4,1,320.4;-166000,385000;1;113.56;0.1577;16,-15.4,15,-12.2
p-47n-15;10.617;12.954;29.98;5810;1516;950;0.95;450;20;33;0.1,520.4,1,300;-330281,440375;1;113.56;0.1577;17,-13.4,16,-12.2
p-51a_tl;9.8207;11.285;21.91;3208;490;855;0.85;287;20;33;0.2,652,0.4,450,0.6,370,0.8,298,1,279;-114147,228293;1;0;0;18,-15,13,-12
p-51b;9.8207;11.285;21.91;3307;490;855;0.85;287;20;33;0.2,652,0.4,450,0.6,370,0.8,298,1,279;-114147,228293;1;0;0;18,-15,14,-12
p-51c-10-nt;9.838;11.286;22.29;3484;734;853;0.84;287;10;20;0.2,676,0.4,464,1,278;-110853,243877;1;0;0;18,-15,17,-16
p-51d-10;9.838;11.286;22.29;3694;734;901;0.84;281;20;33;0.2,644,0.4,442,0.6,362,0.8,289,1,265;-110853,243877;1;0;0;18,-15,13,-16
p-51d-20-na;9.838;11.286;22.29;3694;734;901;0.84;281;20;33;0.2,644,0.4,442,0.6,362,0.8,289,1,265;-110853,243877;1;0;0;18,-15,13,-16
p-51d-30_usaaf_korea;9.838;11.286;22.29;3630;734;910;0.85;281;20;33;0.2,644,0.4,442,0.6,362,0.8,289,1,265;-110853,243877;1;0;0;18,-15,13,-16
p-51d-5;9.838;11.286;22.29;3714;734;855;0.81;281;20;33;0.2,644,0.4,442,0.6,362,0.8,289,1,265;-110853,243877;1;0;0;18,-15,13,-16
p-51h-5_na;10.16;11.286;21.925;3387;693;887;0.85;281;20;33;0.2,651,0.4,450,0.6,370,0.8,297,1,265;-95397,233194;1;39;0.076;17.5,-15,14,-16
p-51_a-36;9.796;11.29;21.91;3418;490;855;0.85;287;20;33;0.2,652,0.4,450,0.6,370,0.8,298,1,279;-117794,235587;1;0;0;18,-15,13,-12
p-51_mk1a_usaaf;9.8207;11.285;21.91;3307;490;855;0.85;287;20;33;0.2,652,0.4,450,0.6,370,0.8,298,1,279;-114147,228293;1;0;0;18,-15,14,-12
p-61a_1;14.9;20.11;61.5;10850;1714;642;0.8;350;20;33;0.3,340,1,280;-210000,485000;2;0;0;16.2,-13,16.5,-16
p-61c_1;14.9;20.11;61.5;11580;1714;726;0.8;350;20;33;0.3,340,1,280;-210000,485000;2;242;0.15;16.2,-13,16.5,-16
p-63a-10;10.028;11.683;23.038;3431;344;887;0.81;304;20;33;0.1,393,1,262;-119000,238000;1;84.7;0.094;16.7,-12,14.1,-14.6
p-63a-5;10.028;11.683;23.038;3249;370;887;0.81;304;20;33;0.1,393,1,262;-119000,238000;1;0;0;16.7,-12,14.1,-14.6
p-63c-5;10.028;11.683;23.038;3471;344;887;0.81;304;20;33;0.1,393,1,262;-119000,238000;1;84.7;0.094;16.7,-12,14.1,-14.6
p-63c-5_france;10.028;11.683;23.038;3471;344;887;0.81;304;20;33;0.1,393,1,262;-119000,238000;1;84.7;0.094;16.7,-12,14.1,-14.6
p-66;8.661;10.92;18.27;2551;490;720;0.78;280;20;33;0.1,480,0.5,340,1,280;-94176,188352;1;0;0;21,-21,18,-18
p1y1_mod11;15;20;56.24;7265;2757;680;0.75;275;20;33;0.1,450,1,275;-165000,334425;2;0;0;15.5,-13,13.5,-12
pandora_mk_1;14.63;18.69;44;7265;0;720;1.1;0;20;33;;-820302,820302;2;0;0.3083;16,-16,14,-22
pb4y-2;22.733;33.528;97.359;18338;6434;599;0.61;263;0;33;0.1,394,1,263;-246800,494500;4;0;0;11,-12.5,11.5,-13
pb4y-2_china;22.733;33.528;97.359;18338;6434;599;0.61;263;0;33;0.1,394,1,263;-246800,494500;4;0;0;11,-12.5,11.5,-13
pb4y-2_france;22.733;33.528;97.359;18338;6434;599;0.61;263;0;33;0.1,394,1,263;-246800,494500;4;0;0;11,-12.5,11.5,-13
pbj_1h;15.636;20.604;56.97;10565;2654;591;0.65;294;20;33;0.1,430,0.33,320,1,294;-177470,325660;2;0;0;14.25,-13.2,13.5,-15
pbj_1j;16.368;20.604;56.97;10087;2654;591;0.65;294;20;33;0.1,430,0.33,320,1,294;-177470,325660;2;0;0;14.25,-13.2,13.5,-15
pbm_1;23.4;35.9664;130.804;12593;5527.9;388.88;0.75;450;20;33;0.1,520.4,1,320.4;-232517,465078;2;0;0;17.57,-17.7,16,-15
pbm_3;24;35.9664;140.86;12805;5618.9;405;0.75;450;20;33;0.1,340,1,280;-232539,465078;2;0;0;17.5,-12,17,-11
pby-5;19.4824;31.72;130.064;8522;3916;405;0.75;450;0;0;;-204033,204033;2;0;0;15,-13.5,16,-13.5
pby-5a;19.4824;31.72;130.064;8522;3916;405;0.75;450;0;0;;-204033,204033;2;0;0;14.5,-13.5,13,-13.5
pe-2-1;12.241;17.15;40.5;6002;1110.55;760;1.1;450;20;33;0,570,1,320.4;-222196,407360;2;0;0;12,-10,8.7,-16
pe-2-110;12.241;17.15;40.5;6340;1110.55;740;1.1;450;20;33;0,555,1,320.4;-222196,407360;2;0;0;12,-10,8.7,-16
pe-2-205;12.241;17.15;40.5;6417;1110.55;740;1.1;450;20;33;0,555,1,320.4;-222196,407360;2;0;0;12,-10,8.7,-16
pe-2-31;12.241;17.15;40.5;6407;1110.55;740;1.1;450;20;33;0,555,1,320.4;-222196,407360;2;0;0;12,-10,8.7,-16
pe-2-359;12.241;17.15;40.5;6417;1110.55;740;1.1;450;20;33;0,555,1,320.4;-222196,407360;2;0;0;12,-10,8.7,-16
pe-2-83;12.241;17.15;40.5;6340;1110.55;740;1.1;450;20;33;0,555,1,320.4;-222196,407360;2;0;0;12,-10,8.7,-16
pe-3;12.241;17.15;40.5;5996;1680;740;1.1;450;20;33;0,555,1,320.4;-222196,390000;2;0;0;12,-10,8.7,-16
pe-3_bis;12.241;17.15;40.5;5940;1680;740;1.1;450;20;33;0,555,1,320.4;-222196,390000;2;0;0;14.5,-10,13,-16
pe-3_early;12.241;17.15;40.5;5830;1680;740;1.1;450;20;33;0,555,1,320.4;-222196,390000;2;0;0;12,-10,8.7,-16
pe-8_m82;23.05;39.139;188.68;20414;4095;535;0.65;390;20;33;0.1,480,0.4,350,1,310;-441422,530000;4;0;0;17.5,-12,17,-12
pe-8_m82;23.05;39.139;188.68;20414;4095;535;0.65;390;20;33;0.1,480,0.4,350,1,310;-441422,530000;4;0;0;17.5,-12,17,-12
po-2;8.17;11.4;33.15;761;95;190;0.68;450;0;0;;-12837,23107;1;0;0;16,-10,19,-10
po-2_nw;8.92;10.84;21.2;1687;407;600;1.1;500;20;33;0.1,450,0.4,350,1,250;-55944.2,109907;1;0;0;15.6,-12.2,17.6,-14.732
potez_630;11.07;16;31.86;3097;584;710;0.72;295;20;33;0.1,360,1,240;-123500,185500;2;0;0;16,-15.5,14.5,-13
potez_631;11.07;16;31.86;3212;584;710;0.72;295;20;33;0.1,360,1,240;-123500,185500;2;0;0;16,-15.5,14.5,-13
potez_633;11.07;16;32.7;3062;584;710;0.72;295;20;33;0.1,360,1,240;-123500,185500;2;0;0;16,-15.5,14.5,-13
pv_2;17.31;22.86;63.7;10160;2688;600.6;0.66;277.8;20;33;0.1,340,1,222.24;-200000,360000;2;0;0;18,-13,17,-12
pv_2d;17.31;22.86;63.7;10160;2688;600.6;0.66;277.8;20;33;0.1,340,1,222.24;-200000,360000;2;0;0;18,-13,17,-12
pyorremyrsky;9.13;10.38;19;2619;290;790;0.82;360;20;33;0.1,460,1,260;-100000,200000;1;63;0.05;17.2,-14,15.1,-17
p_108a_serie2;22.1;32;135.34;19030;6950;515;0.65;290;20;33;0.1,400,1,249;-300000,450000;4;0;0;17,-17,16.5,-8
p_108b_serie1;22.92;32;135.34;17811;6950;515;0.65;290;20;33;0.1,400,1,249;-300000,450000;4;0;0;17,-17,16.5,-8
p_108b_serie2;22.92;32;135.34;17991;6950;515;0.65;290;20;33;0.1,400,1,249;-300000,450000;4;0;0;17,-17,16.5,-8
p_43a_1;8.5344;10.83;20.7852;2666.16;395;760;1.1;281;20;33;0.1,450,1,241.38;-130815,174420;1;0;0;17,-13.4,16,-15.2
p_59a;12.62;13.86;35.76;3710;855;845;0.83;390;20;33;0.1,520.4,1,290;-140000,230000;2;0;0;19.5,-13,16,-12
q_5a;15.415;9.68;27.95;6490;2827;1260;1.65;577;0;33;0.2,700,0.33,500,1,450;-215000,435000;2;0;0;22,-21,16,-17
q_5_early;15.415;9.68;27.95;6350;1662;1260;1.65;577;0;33;0.2,700,0.33,500,1,450;-215000,435000;2;0;0;22,-21,16,-17
r2y2_kai;12.16;14;32;5400;2330;960;0.93;350;20;33;0.1,520.4,1,320.4;-162931,402931;2;0;0;17,-16,14,-12
r2y2_v1;12.16;14;32;5400;2330;960;0.93;350;20;33;0.1,520.4,1,320.4;-162931,402931;2;0;0;17,-16,14,-12
r2y2_v2;12.16;14;32;5400;2330;960;0.93;350;20;33;0.1,520.4,1,320.4;-162931,402931;2;0;0;17,-16,14,-12
re_2000_ga;7.99;11;20.14;2090;530;740;0.85;320;20;33;0.1,480,1,280;-112896,150528;1;0;0;18,-13,17,-14.5
re_2000_int;7.99;11;20.14;2073;260;740;0.7;320;20;33;0.1,480,1,280;-112896,150528;1;0;0;18,-13,17,-14.5
re_2001_cb;7.99;11;20.4;2547;400;740;0.85;320;20;33;0.1,480,1,250;-137445,183260;1;0;0;18,-13,17.5,-14.5
re_2001_cn;7.99;11;20.4;2547;400;740;0.85;320;20;33;0.1,480,1,250;-137445,183260;1;0;0;18,-13,17.5,-14.5
re_2001_serie1;7.99;11;20.4;2547;400;740;0.85;320;20;33;0.1,480,1,250;-137445,183260;1;0;0;18,-13,17.5,-14.5
re_2002_early;7.99;11;20.14;2639;434;740;0.85;320;20;33;0.1,480,1,280;-112896,150528;1;0;0;18,-13,17,-14.5
re_2005_serie0;8.73;11;20.4;2861;450;800;0.85;320;20;33;0.1,480,1,250;-137445,183260;1;63;0.05;18,-13,17.5,-14.5
ro_43;9.715;11.574;33.36;1812;172;400;0.6;400;0;0;;-97020,97020;1;0;0;18,-15,17,-15
ro_57_quadriarma;8.83;12.5;23;3794;590;800;0.78;320;20;33;0.1,600,0.3,340,1,280;-134926,314827;2;0;0;17.5,-16,18,-18
saab_105g;10.8;9.5;16.302;3350;1570;1050;0.93;400;0;33;0.1,400,1,350;-93000,204000;2;0;0;19.5,-14,16.5,-16
saab_105oe;10.8;9.5;16.302;3090;1570;1050;0.93;400;0;33;0.1,400,1,350;-93000,204000;2;0;0;19.5,-14,16.5,-16
saab_a21rb;10.45;11.6;22.2;3505;712;787;0.76;360;20;33;0.1,460,1,260;-110000,230000;1;0;0;17.2,-14,18.1,-17
saab_a32a;14.65;13;37.32;8120;2762;1160;1.2;450;20;33;0.1,550,1,320;-275000,620000;1;0;0;19.1,-16,19.8,-17
saab_aj37;15.34;10.4;50;10900;4420;1536;2.1;620;0;0;0.1,550,1,400;-400000,950000;1;0;0;34.1,-30,37,-30
saab_b17a;9.8;13.7;28.02;2600;424;620;0.8;320;20;33;0.1,400,1,280;-111426,157853;1;0;0;18.5,-17,17,-16
saab_b17b;9.8;13.7;28.02;2486;424;620;0.8;480;20;33;0.1,400,1,280;-111426,157853;1;0;0;18.5,-17,17,-16
saab_b17bs;10;13.7;28.02;3024.38;424;500;0.65;500;20;33;0.1,400,1,280;-111426,157853;1;0;0;18.5,-17,17,-16
saab_b18a;13.23;17.04;43.8;5764;1224;735;0.84;320;20;33;0.1,490,1,290;-128500,321200;2;0;0;16.8,-14,15.5,-16.5
saab_b18b;13.23;17.04;43.8;6373;1224;735;0.84;320;20;33;0.1,490,1,290;-128500,321200;2;0;0;16.8,-14,15.5,-16.5
saab_b3c;17.86;22.58;78;5941;1270;430;0.65;350;20;33;0.1,320,0.5,280,1,240;-120663,241326;2;0;0;20,-16,18,-12
saab_j21a_1;10.45;11.6;22.2;3570;382;683;0.76;325;20;33;0.1,460,1,325;-100000,220000;1;0;0;17.2,-14,18.1,-17
saab_j21ra;10.45;11.6;22.2;3420;712;787;0.76;360;20;33;0.1,460,1,260;-110000,230000;1;0;0;17.2,-14,18.1,-17
saab_j29a;10.227;11;23.5;4990;1160;1102;0.97;420;20;33;0.2,800,0.33,575,1,350;-190000,370000;1;0;0;16,-14,13.6,-17
saab_j29b;10.227;11;23.5;4960;1720;1102;0.97;420;20;33;0.2,800,0.33,575,1,350;-190000,370000;1;0;0;16,-14,13.6,-17
saab_j29d;10.227;11;23.5;4900;1720;1102;0.97;420;20;33;0.2,800,0.33,575,1,350;-190000,370000;1;0;0;16,-14,13.6,-17
saab_j29f;10.227;11;24.15;4920;1720;1102;0.97;420;20;33;0.2,800,0.33,575,1,350;-190000,370000;1;0;0;16,-14,13.6,-17
saab_j32b;14.5;13;37.32;8680;2762;1160;1.2;450;20;33;0.1,550,1,320;-275000,620000;1;0;0;19.1,-16,19.8,-17
saab_j35a;15.34;9.42;40;7490;1730;1417;2.3;500;0;0;;-275000,550000;1;0;0;36.1,-36,32.8,-30
saab_j35d;15.34;9.42;40;7990;2180;1417;2.3;500;0;0;;-275000,550000;1;0;0;36.1,-36,32.8,-30
saab_ja37;15.34;10.4;50;12200;4420;1536;2.1;620;0;0;0.1,550,1,400;-400000,950000;1;0;0;34.1,-30,37,-30
saab_sk60b;10.8;9.5;16.302;2070;1065;934;0.91;400;0;33;0.1,400,1,350;-90000,185000;2;0;0;18,-14,16.5,-16
saab_t18b_1;13.23;17.04;42.4;7685;1224;735;0.84;320;20;33;0.1,490,1,290;-128500,321200;2;0;0;16.8,-14,15.5,-16.5
saab_t18b_2;13.23;17.04;42.4;7685;1224;735;0.84;320;20;33;0.1,490,1,290;-128500,321200;2;0;0;16.8,-14,15.5,-16.5
sagittario_2;9.563;7.5;14.73;2305;936;1125;1.21;450;20;33;0.1,520.4,1,320.4;-80500,198500;1;0;0;21,-21,20,-17
sa_313b;16;4;0.6;890;440;300;0.6;320;0;0;;-40000,83000;1;0;0;28.6,-28,22.6,-21
sa_316b;16;4;0.6;950;453;310;0.6;320;0;0;;-40000,83000;1;0;0;28.6,-28,22.6,-21
sa_341f;16;4;0.6;990;453;310;0.6;320;0;0;;-40000,83000;1;0;0;28.6,-28,22.6,-21
sa_342m;16;4;0.6;998;453;310;0.6;320;0;0;;-40000,83000;1;0;0;28.6,-28,22.6,-21
sb2c_1c;11.1732;15.1591;39.21;5343.04;890;656;0.7;333;20;33;0.1,520.4,0.5,453,1,250;-169302,338604;1;0;0;15,-15,15,-14
sb2c_4;11.1732;15.1591;39.21;5222;890;656;0.7;333;20;33;0.1,520.4,0.5,453,1,250;-169302,338604;1;0;0;15,-15,15,-14
sb2c_5;11.1732;15.1591;39.21;5222;890;656;0.7;333;20;33;0.1,520.4,0.5,453,1,250;-169302,338604;1;0;0;15,-15,15,-14
sb2u-2;10;12.77;28.36;3023.41;386.82;740;0.62;440;0;0;0.1,740,1,700;-144060,246960;1;0;0;18,-12,15.8,-18.5
sb2u-3;10;12.77;28.36;3023.41;386.82;740;0.62;440;0;0;0.1,740,1,700;-144060,246960;1;0;0;18,-12,15.8,-18.5
sbd-3;9.96;12.66;30.19;3210.37;272.2;740;0.8;450;20;33;0.1,520.4,1,320.4;-220729,220729;1;0;0;15.5,-13,14.5,-13
sb_2m_100;12.27;20.33;56.7;4351;1130;550;0.75;350;20;33;0.1,320,1,280;-56231,89969;2;0;0;17,-12,15,-19
sb_2m_103c;12.27;20.33;56.7;4902;1130;580;0.75;350;20;33;0.1,320,1,280;-91233,121644;2;0;0;17,-12,15,-19
sb_2m_103u_mv3;12.27;20.33;56.7;4902;1130;580;0.75;350;20;33;0.1,320,1,280;-90865,136298;2;0;0;17,-12,15,-19
sb_2m_105;12.27;20.33;56.7;5122;1130;600;0.75;350;20;33;0.1,320,1,280;-121644,182466;2;0;0;17,-12,15,-19
scimitar_f1;16.8463;11.3284;45.0488;11722;3965.5;1322;1.14;583.3;45;70;0.2,650,0.33,637,1,447.2;-230000,850000;2;0;0;23,-21,21.5,-19
scout_ah_mk1;9.85;4;0.6;1590;558;330;0.6;320;0;0;;-40000,83000;1;0;0;28.6,-28,22.6,-21
seafire_fr47;9.96;11.3;22.676;4230;345;890;0.87;330;0;33;0,450,0.3,370,1,250;-160000,250000;1;0;0;17.8,-17,16,-20
seafire_mk17;9.12;11.25;22.476;3220;324;787.5;0.87;260;0;0;0.5,290,1,260;-120000,185000;1;0;0;17.6,-17,15.5,-20
seafire_mk3;9.12;11.23;22.476;2770;289;760;0.82;270;0;0;0.5,290,1,230;-88000,160000;1;0;0;17.2,-17,15.5,-20
sea_fury_fb11;10.55;11.71;26;4906;307.5;826;0.83;360;20;33;0.1,430,1,273;-185000,280000;1;0;0;16.2,-15,14.2,-14.7
sea_hawk_fga6;11.58;11.2;25.8;4550;1440;1012;0.95;370;0;33;0.1,850,1,796;-170000,335000;1;0;0;16.1,-14,14.5,-17
sea_venom_faw20;10;12;25.98;4520;1680.2;1045;0.92;420;20;33;0.1,450,0.5,351,1,320;-154001,310001;1;0;0;16,-14,14.6,-17
shackleton_mr_mk_2;26.62;36.58;132;23300;10776;583;0.69;438;20;33;0.1,440,1,301;-295000,587500;4;88;0.05;16,-15.5,14.5,-13
sm_79_1936;15.6;21.2;61.7;7082;2391;530;0.61;300;20;33;0.1,325,1,220;-120000,193592;3;0;0;14.5,-12,14.5,-13
sm_79_1937;15.6;21.2;61.7;7082;2391;530;0.61;300;20;33;0.1,325,1,220;-120000,193592;3;0;0;14.5,-12,14.5,-13
sm_79_1939;15.6;21.2;61.7;7082;2391;530;0.61;300;20;33;0.1,325,1,220;-120000,193592;3;0;0;14.5,-12,14.5,-13
sm_79_1941;15.6;21.2;61.7;7082;2391;530;0.61;300;20;33;0.1,325,1,220;-120000,193592;3;38;0.0106;14.5,-12,14.5,-13
sm_79_1942;15.6;21.2;61.7;6882;2391;530;0.61;300;20;33;0.1,325,1,220;-120000,193592;3;38;0.0106;14.5,-12,14.5,-13
sm_79_1943;15.6;21.2;61.7;6882;2391;530;0.61;300;20;33;0.1,325,1,220;-120000,193592;3;38;0.0106;14.5,-12,14.5,-13
sm_79_iar;16.2;21.2;61.7;6640;2391;540;0.61;300;20;33;0.1,480,1,280;-120000,193592;2;38;0.0106;14.5,-12,14.5,-13
sm_91;13.25;19.7;41.38;7023;1030;845;0.81;300;20;33;0.1,600,0.5,340,1,260;-203446,406892;2;0;0;17.5,-12,17,-11
sm_92;13.69;18.54;38.46;6373;2040;845;0.81;300;20;33;0.1,600,0.5,340,1,260;-218024,436047;2;0;0;20,-12,18,-11
soc_1;8.179;10.82;29.43;1861;346;500;0.63;550;20;33;0.1,520.4,1,320.4;-127138,101120;1;0;0;17,-14.5,16.5,-13
so_4050_vautour_2a;17.65;15.1;45;11000;3182;1166;1.1;425;20;33;0.1,600,1,463;-240000,530000;2;0;0;22,-14.2,16,-22
so_4050_vautour_2b;17.65;15.1;45;11500;3182;1166;1.1;425;20;33;0.1,600,1,463;-240000,530000;2;0;0;22,-14.2,16,-22
so_4050_vautour_2n;17.65;15.1;45;11000;3182;1166;1.1;425;20;33;0.1,600,1,463;-240000,530000;2;0;0;22,-14.2,16,-22
so_8000_narval;9.96;11.77;26.46;5040;515;900;0.91;330;20;33;0,450,0.3,370,1,270;-180000,340000;1;190;0.053;18.2,-17,16,-20
spitfiremkii;9.12;11.23;22.476;2405;289;760;0.82;270;0;0;0.5,290,1,230;-87500,150000;1;0;0;17,-17,15.5,-20
spitfiremkiia;9.12;11.23;22.476;2375;289;760;0.82;270;0;0;0.5,290,1,230;-87500,150000;1;0;0;17,-17,15.5,-20
spitfire_f22;9.96;11.3;22.676;3550;390;875;0.87;260;0;0;0.5,290,1,260;-138000,225000;1;0;0;17.8,-17,16,-20
spitfire_f24;9.96;11.3;22.676;3550;390;875;0.87;260;0;0;0.5,290,1,260;-138000,225000;1;0;0;17.8,-17,16,-20
spitfire_fr_mk14e;9.12;9.9;21.4;3270;358;794;0.87;260;0;0;0.5,290,1,260;-120000,195000;1;0;0;19.2,-17,15.5,-20
spitfire_ix;9.12;11.25;22.476;2960;289;774;0.87;270;0;0;0.5,290,1,230;-74701,166666;1;0;0;17.2,-17,15.5,-20
spitfire_ix_cw;9.12;9.9;21.4;2960;289;774;0.87;270;0;0;0.5,290,1,230;-74701,166666;1;0;0;18.2,-17,15.5,-20
spitfire_ix_early;9.12;11.25;22.476;2960;289;774;0.87;270;0;0;0.5,290,1,230;-89000,166000;1;0;0;17,-17,15.5,-20
spitfire_ix_lf_c;9.12;11.25;22.48;2960;289;774;0.87;260;0;0;0,580.5,1,260;-74701,166666;1;0;0;17.2,-17,15.5,-20
spitfire_mk1;9.12;11.25;22.476;2335;289;760;0.82;270;0;0;0.5,290,1,230;-87500,150000;1;0;0;17.2,-17,14.1,-20
spitfire_mk14c;9.12;11.25;22.476;3270;358;794;0.87;260;0;0;0.5,290,1,260;-120000,195000;1;0;0;17.6,-17,15.5,-20
spitfire_mk14e;9.12;11.25;22.476;3270;358;794;0.87;260;0;0;0.5,290,1,260;-120000,195000;1;0;0;17.6,-17,15.5,-20
spitfire_mk18e;9.12;11.25;22.476;3300;358;798;0.87;260;0;0;0.5,290,1,260;-120000,195000;1;0;0;17.6,-17,15.5,-20
spitfire_mk5b;9.12;11.23;22.476;2610;289;760;0.82;270;0;0;0.5,290,1,230;-88000,160000;1;0;0;17.2,-17,15.5,-20
spitfire_mk5b_notrop;9.12;11.23;22.476;2570;289;760;0.82;270;0;0;0.5,290,1,230;-88000,160000;1;0;0;17.2,-17,15.5,-20
spitfire_mk5c;9.12;11.23;22.476;2670;289;760;0.82;270;0;0;0.5,290,1,230;-88000,160000;1;0;0;17.2,-17,15.5,-20
spitfire_mk5c_notrop;9.12;11.23;22.476;2670;289;760;0.82;270;0;0;0.5,290,1,230;-88000,160000;1;0;0;17.2,-17,15.5,-20
spitfire_mk9c_4cannons;9.12;11.25;22.476;3021;289;774;0.87;270;0;0;0.5,290,1,230;-89000,166000;1;0;0;17,-17,15.5,-20
spitfire_xvi;9.2;9.9;21.4;3010;310;774;0.87;260;0;0;0.5,290,1,260;-89000,166000;1;0;0;18.2,-17,15.5,-20
stirling_mk1;26.6;30.2;135.6;21145;6440;498;0.7;258;20;33;0.1,350,1,245;-300000,600000;4;0;0;15,-13,21.9,-16
stirling_mk3;26.6;30.2;135.6;21339;6440;498;0.7;258;20;33;0.1,350,1,245;-300000,600000;4;0;0;15,-13,21.9,-16
su-11;10.55;11.8;22.2;4637;1846;1025;0.84;420;20;33;0.1,580.4,1,380.4;-125000,345000;2;0;0;17.3,-15,15.2,-18
su-2_m82;10.46;14.3;28.98;3357;560;620;0.8;350;20;33;0.1,450,0.3,340;-80861,161723;1;0;0;18,-11,16,-18
su-2_mv5;10.25;14.3;28.98;3091;560;620;0.8;350;20;33;0.1,450,0.3,340;-80861,161723;1;0;0;18,-11,16,-18
su-2_tss1;10.25;14.3;28.98;2971;560;620;0.8;350;20;33;0.1,450,0.3,340;-80861,161723;1;0;0;18,-11,16,-18
su-6_am42;9.24;13.58;28.6;4535;563.341;680;0.65;330;20;33;0.1,480,1,290;-136261,273420;1;0;0;17,-14.5,16.5,-13
su-6_am42_23;9.24;13.58;28.6;4535;563.341;680;0.65;330;20;33;0.1,480,1,290;-136261,273420;1;0;0;17,-14.5,16.5,-13
su-6_m71;9.24;13.58;26;4600;563.341;680;0.8;330;20;33;0.1,480,1,290;-136261,273420;1;0;0;17,-14.5,16.5,-13
su-7b;16.607;9.309;34;7823;2800;1260;2.2;630;0;0;0.2,700,0.33,520,1,473;-160000,550000;1;0;0;23,-21,18,-17
su-7bkl;16.607;9.309;34;8343;3218;1260;2.2;630;0;0;0.2,700,0.33,520,1,473;-175000,580000;1;0;0;23,-21,18,-17
su-7bmk;16.607;9.309;34;8262;3018;1260;2.2;630;0;0;0.2,700,0.33,520,1,473;-175000,580000;1;0;0;23,-21,18,-17
su-8;13.53;20.5;60;9310;2190;720;0.81;390;20;33;0.1,480,0.4,350,1,310;-207187,414374;2;0;0;17.5,-12,17,-12
su-9;10.55;11.2;20.2;4060;1846;1025;0.84;420;20;33;0.1,580.4,1,380.4;-125000,345000;2;0;0;17,-15,15,-18
sunderland_mk3a;28.69;34.38;138.18;14500;8214;414;0.65;450;20;33;0.1,520.4,0.33,232,0.66,213,1,204;-280000,365000;4;0;0;16,-11,14,-14
sunderland_mk5;28.69;34.38;138.18;15400;8214;414;0.65;450;20;33;0.1,520.4,0.33,232,0.66,213,1,204;-280000,365000;4;0;0;16,-14,14.5,-14
su_17m2;16.607;0,13.7,1,10.04;0,34,1,34;10945;3800;0,1050,1,1417;0,0.95,1,2.15;630;0;95;0.2,700,0.33,520,1,473;0,-255000,740000,1,-275000,770000;1;0;0;0,18.5,-16,18.5,-16,1,23,-21,23,-11
su_22m3;18.86;0,13.7,1,10.04;0,34,1,34;10945;3800;0,1050,1,1417;0,0.95,1,2.15;630;0;95;0.2,700,0.33,520,1,473;0,-255000,740000,1,-275000,770000;1;0;0;0,18.5,-16,18.5,-16,1,23,-21,23,-11
su_6_single;9.24;13.58;26;4467;563.341;680;0.8;330;20;33;0.1,480,1,290;-136261,273420;1;0;0;17,-14.5,16.5,-13
swift_f1;12.64;9.86;28.44;5920;1687;1186;0.99;435;0;33;0.3,1060,1,465;-190000,370000;1;0;0;16.9,-14,17.9,-17
swift_f7;12.64;9.86;31;6540;1914;1167;0.99;435;0;33;0.3,1060,1,465;-210000,410000;1;0;0;17.5,-14,18.5,-17
swordfish_mk1;11.0716;19.615;56.38;2430;493;390;0.7;400;0;0;1,257;-77421,116131;1;0;0;18.5,-15,18,-15
swordfish_mk2;11.0716;19.615;56.38;2660;493;390;0.7;400;0;0;1,257;-77421,116131;1;0;0;18.5,-15,18,-15
s_199;9.16;9.86;16.2;2860;296;790;0.82;360;20;33;0.1,460,1,260;-100000,200000;1;0;0;17.2,-14,15.1,-17
s_81_ar125;17.875;24;92;6800;2620;530;0.61;530;20;33;0.1,386,1,241;-120000,193592;3;0;0;14.5,-12,14,-13
t2;16.55;7.88;21.18;6380;2982;1365;1.85;577;20;33;0.2,735,0.33,525,1,450;-213500,510500;2;0;0;32,-24,29.5,-22
ta-152c;10.82;11;19.5;4234;465;912;0.83;310;13;20;0.1,700,0.33,450,1,310;-132435,264870;1;127;0.048;17.5,-12,17,-12
ta-152h-1;10.82;14.44;23.5;4095;736;870;0.81;310;13;25;0.1,700,0.33,450,1,310;-132435,264870;1;168;0.048;17.5,-12,17,-16
tandem_mai;7;9.8;17.7;2537;292;650;0.72;310;20;33;0.1,470,1,270;-80000,151000;1;0;0;17,-16,17,-16
ta_154a_1;12.6;16.3;32.4;6900;1065;787;0.82;250;20;33;0.1,480,1,330;-190000,320000;2;0;0;17,-14,16,-14
tbd-1;12.833;15.2;39;2530;489;431;0.6;185;20;33;0.1,212,1,212;-41160,124009;1;0;0;16,-16.3,17,-14
tbf-1c;12.23;16.505;45.52;5272;906;612;0.63;397;0;0;0.1,485,1,285;-86700,199500;1;0;0;16.5,-11,17,-13
tb_3_m17_32;24.4;39.5;230;10967;5572;450;0.75;450;0;0;;-220725,441450;4;0;0;19,-18,19,-18
tempest_mk2;10.49;12.49;27.86;4543;432;879;0.81;361;20;33;0.1,430,1,270;-180000,372000;1;0;0;15.7,-15,13.5,-14.5
tempest_mkv;10.26;12.49;28.06;4483;430;880;0.865;361;20;33;0.1,430,1,269;-180000,372000;1;0;0;15.7,-15,13.5,-14.5
tempest_mkv_luftwaffe;10.26;12.49;28.06;4482;431;880;0.865;361;20;33;0.1,430,1,269;-180000,372000;1;0;0;15.7,-15,13.5,-14.5
tempest_mkv_vikkers;10.26;12.49;28.06;4769;430;880;0.865;361;20;33;0.1,430,1,269;-180000,370000;1;0;0;15.7,-15,13.5,-14.5
thunderbolt_mk1;10.617;12.444;26.62;4970.5;843.15;885;0.9;450;20;33;0.1,520.4,1,320.4;-166000,385000;1;113;0.1255;16,-15.4,15,-12.2
tiger_had_france;16;4.5;4.8;3660;1060;460;0.79;420;0;0;;-70000,130000;2;0;0;28.6,-28,22.6,-21
tiger_hap_france;16;4.5;4.8;3320;1060;460;0.79;420;0;0;;-70000,130000;2;0;0;28.6,-28,22.6,-21
tiger_uht;16;4.5;4.8;3440;1060;460;0.79;420;0;0;;-70000,130000;2;0;0;28.6,-28,22.6,-21
tis_ma;11.7;15.5;34.85;6261;1549;740;0.85;320;20;33;0.1,400,1,270;-319504,426006;2;0;0;19.2,-14,17.1,-17
tu-1;13.6;18.86;39.33;9739;2200;900;0.81;390;20;33;0.1,480,0.4,350,1,310;-207187,414374;2;0;0;17.5,-12,17,-12
tu-2;13.8;18.86;48.8;7926;2100;900;0.81;390;20;33;0.1,480,0.4,350,1,310;-207187,414374;2;0;0;17.5,-12,17,-12
tu-2_early;13.8;18.86;48.52;7826;2200;900;0.81;390;20;33;0.1,480,0.4,350,1,310;-207187,414374;2;0;0;17.5,-12,17,-12
tu-2_postwar;13.8;18.86;48.8;8017;1960;900;0.81;390;20;33;0.1,480,0.4,350,1,310;-207187,414374;2;0;0;17.5,-12,17,-12
tu-2_postwar_late;13.8;18.86;48.8;8697;1960;900;0.81;390;20;33;0.1,480,0.4,350,1,310;-207187,414374;2;0;0;17.5,-12,17,-12
tu_14t;17.65;21.7;67.4;13650;8000;892;0.82;420;20;33;0.1,600,1,420;-379812,739812;2;0;0;15,-13.35,12,-22
tu_4;30.175;43.047;161.46;36930;14530;609;0.64;389;20;33;0.1,340,1,270;-548000,1.097e+06;4;0;0;14.2,-12,13,-13
typhoon_mk1a;9.7;12.675;25.92;4320;504;845;0.805;320;20;33;0.1,420,1,250;-140000,268100;1;0;0;19.3,-13,15.8,-13.1
typhoon_mk1b;9.7;12.675;25.92;4320;504;845;0.805;320;20;33;0.1,420,1,250;-140000,268100;1;0;0;19.3,-13,15.8,-13.1
typhoon_mk1b_late;9.7;12.675;25.92;4320;504;845;0.805;320;20;33;0.1,420,1,250;-140000,268100;1;0;0;19.3,-13,15.8,-13.1
uh_1b;12.98;3.2;1.26;2200;833;450;0.79;420;0;0;;-100000,250000;1;0;0;28.6,-28,22.6,-21
uh_1c;12.98;3.2;1.26;2200;833;450;0.79;420;0;0;;-100000,250000;1;0;0;28.6,-28,22.6,-21
uh_1d;12.98;3.2;0.06;2200;833;450;0.79;420;0;0;;-100000,250000;1;0;0;28.6,-28,22.6,-21
vampire_fb5;10.1;12.58;24.24;3385;1213;888;0.82;330;20;33;0.1,520.4,1,300;-124001,244001;1;0;0;16.3,-14,13,-17
vampire_fb52a;10.1;12.58;24.24;3405;1213;888;0.82;330;20;33;0.1,520.4,1,300;-124001,244001;1;0;0;16.3,-14,13,-17
vb_10c_1;13;15.5;35.46;7350;1044.2;820;0.9;450;20;33;0.1,520.4,1,320.4;-277000,468000;2;0;0;18,-17,22,-18
vb_10_02;13;15.5;35.46;7470;1044.2;820;0.9;450;20;33;0.1,520.4,1,320.4;-277000,468000;2;0;0;18,-17,22,-18
venom_fb4;10;12;25.98;4060;1809;1045;0.92;420;20;33;0.1,520,1,320;-154001,310001;1;0;0;16,-14,13.6,-17
vg_33;8.81;10.8;12.35;1850;445;800;0.83;320;0;0;0.1,470,1,270;-107956,143942;1;0;0;17.5,-13,17,-14.5
vl_myrsky_2_late;8.33;11;18;2477.1;222;650;0.78;290;20;33;0.1,380,0.5,280,1,240;-130183,173577;1;0;0;17,-12,14,-14
v_11g;11.42;15.24;35.6;2971;775;620;0.75;320;20;33;0.1,380,0.3,280;-78493,156986;1;0;0;18,-16,16,-18
v_12d;11.42;15.24;35.6;3779;775;680;0.77;320;20;33;0.1,380,0.3,280;-96846,193691;1;0;0;18,-16,16,-18
v_156_f;10;12.77;28.36;3023.41;386.82;740;0.62;440;0;0;0.1,740,1,700;-144060,246960;1;0;0;18,-12,15.8,-18.5
walrus_mk1;11.455;13.97;55.926;2234.5;497;300;0.75;450;0;0;;-42675,128027;1;0;0;14.5,-13.5,13,-13.5
wasp_has_mk1;9.85;4;0.6;1570;558;330;0.6;320;0;0;;-40000,83000;1;0;0;28.6,-28,22.6,-21
welkin_fmk1;12;13.7;33.48;5970;1218;826;0.8;324;20;33;0.1,380,1,287;-158000,320000;2;0;0;16,-15.1,18.5,-16
wellington_mk10;18.59;26.26;77.13;11095;2454;530;0.62;264;20;33;0.1,355,0.33,264,1,223;-217030,340070;2;0;0;15,-12,14,-13.5
wellington_mk1c;18.67;26.26;77.13;9198;2524;530;0.62;264;20;33;0.1,355,0.33,264,1,223;-200035,300060;2;0;0;15,-12,14,-13.5
wellington_mk3;18.59;26.26;77.13;10425;2454;530;0.62;264;20;33;0.1,355,0.33,264,1,223;-207030,320070;2;0;0;15,-12,14,-13.5
whirlwind_mk1;9.83;13.72;22.8;4100;430;676;0.75;265;20;33;0.1,490,1,265;-121000,242000;2;0;0;16.2,-17.1,16,-14.1
whirlwind_p9;9.83;13.72;22.8;4100;430;676;0.75;265;20;33;0.1,490,1,265;-121000,242000;2;0;0;16,-17.1,16,-14.1
wirraway;8.487;13.1064;23.5722;1878;308.7;437;0.6;280;20;33;0.1,403.72,1,203.72;-71140,91140;1;0;0;18,-16.7,17,-14.7
wyvern_s4;12.8;13.4;35;7505;1837;844;0.79;330;20;33;0,600,0.21,564,0.33,351,1,315;-300000,500000;1;0;0;18.6,-17,18.5,-20
xa_38;15.8;20.45;58.14;11722;1742;714;0.67;350;20;33;0.1,340,1,280;-210000,485000;2;196;0.21;17,-12,16,-19
xf5f;8.75;12.8016;28.19;4154;765;722;0.71;370;20;33;0.1,487,1,290;-175000,265000;2;0;0;16.5,-11,14.5,-13
xp-50;9.73;12.8016;28.19;4279;599;745;0.73;370;20;33;0.1,487,1,290;-175000,265000;2;0;0;16.5,-11,14.5,-13
xp-55;9.76;11.1;19.8;2963.52;402.48;900;1.1;350;20;33;0.1,550,1,310;-99043,169043;1;0;0;16,-15,16.5,-15
yah_64;16;4.9;4.8;4760;1070;460;0.79;420;0;0;;-70000,130000;2;0;0;28.6,-28,29.6,-28
yak-15;8.5;9.2;14.828;2017;588;750;0.73;450;0;0;0.1,520.4,1,320.4;-120000,160000;1;0;0;16,-13,14,-14.5
yak-17;8.5;9.2;14.828;2088;624;765;0.75;450;0;0;0.1,520.4,1,320.4;-120000,160000;1;0;0;16,-13,14,-14.5
yak-1b;8.5;9.74;17.136;2350;408;682.5;0.78;320;0;0;0.1,410.4,0.5,350,1,280;-112876,160800;1;0;0;18,-13,16,-14.5
yak-1_early;8.5;9.74;17.136;2390;438;682.5;0.78;320;0;0;0.1,410.4,0.5,350,1,280;-120000,160000;1;0;0;18,-13,16,-14.5
yak-23;8.1;8.7;13.698;2110;728;1000;0.85;350;0;0;0.1,520.4,1,320.4;-120000,160000;1;0;0;16,-13,14,-14.5
yak-28b;20.02;11.78;35.25;8985;4115;1124;2.1;525;0;0;0.1,690,1,630;-240000,530000;2;0;0;20,-20,16,-18
yak-2_kabb;9.8;14;31.1866;3924;600;680;0.75;320;0;0;0.1,380,1,280;-254722,445763;2;0;0;18.1,-13,17.5,-14.5
yak-3;8.5;9.2;14.828;2263;270;685;0.73;320;0;0;0.1,520.4,1,320.4;-120000,160000;1;0;0;18.1,-13,16,-14.5
yak-30d;8.58;8.5;15.096;2600;700;1081;0.96;350;20;33;0.1,520.4,1,320;-100300,200000;1;0;0;17.2,-13,16.5,-12.5
yak-38;15.98;7.02;18.72;6515;2750;1265;1.5;500;0;33;0.2,750,0.32,650,1,500;-220000,560000;3;0;0;23,-22,24,-25
yak-38m;15.98;7.02;18.72;7110;2750;1265;1.5;500;0;33;0.2,750,0.32,650,1,500;-220000,560000;3;0;0;23,-22,24,-25
yak-3p;8.5;9.2;14.828;2263;270;685;0.73;320;0;0;0.1,520.4,1,320.4;-120000,160000;1;0;0;18.1,-13,16,-14.5
yak-3t;8.5;9.2;14.828;2348;255;685;0.73;320;0;0;0.1,520.4,1,320.4;-120000,160000;1;0;0;18.1,-13,16,-14.5
yak-3_france;8.5;9.2;14.828;2263;270;685;0.73;320;0;0;0.1,520.4,1,320.4;-120000,160000;1;0;0;18.1,-13,16,-14.5
yak-3_vk107;8.5;9.2;14.828;2390;360;720;0.73;320;0;0;0.1,410.4,0.5,350,1,280;-120000,160000;1;0;0;18.1,-13,16,-14.5
yak-4;10.08;14;31.1866;5059;800;680;0.75;320;0;0;0.1,380,1,280;-254722,445763;2;0;0;18.1,-13,17.5,-14.5
yak-7b;8.5;9.74;17.136;2542;320;682.5;0.78;320;0;0;0.1,410.4,0.5,350,1,280;-127876,160168;1;0;0;18,-13,16,-14.5
yak-9;8.5;9.74;17.136;2350;320;682.5;0.78;320;0;0;0.1,410.4,0.5,350,1,280;-132876,177168;1;0;0;18,-13,16,-14.5
yak-9b;8.5;9.74;17.136;2525;486;682.5;0.78;320;0;0;0.1,410.4,0.5,350,1,280;-132876,177168;1;0;0;18,-13,16,-14.5
yak-9k;8.5;9.74;17.136;2550;320;682.5;0.78;320;0;0;0.1,410.4,0.5,350,1,280;-132876,177168;1;0;0;18,-13,16,-14.5
yak-9m;8.5;9.74;17.136;2475;480;720;0.78;320;0;0;0.1,410.4,0.5,350,1,280;-132876,177168;1;0;0;18,-13,16,-14.5
yak-9p;8.5;9.74;17.136;2840;516;756;0.73;320;0;0;0.1,410.4,0.5,350,1,280;-132876,185000;1;0;0;18,-13,16,-14.5
yak-9t;8.5;9.74;17.136;2550;320;682.5;0.78;320;0;0;0.1,410.4,0.5,350,1,280;-132876,177168;1;0;0;18,-13,16,-14.5
yak-9u;8.5;9.74;17.136;2637;380;720;0.73;320;0;0;0.1,410.4,0.5,350,1,280;-132876,177168;1;0;0;18,-13,16,-14.5
yak-9ut;8.5;9.74;17.136;2682;380;720;0.73;320;0;0;0.1,410.4,0.5,350,1,280;-132876,177168;1;0;0;18,-13,16,-14.5
yak_3u;8.5;9.4;15.328;2310;340;700;0.73;320;0;0;0.1,410.4,0.5,350,1,280;-120000,160000;1;0;0;18.1,-13,16,-14.5
yp-38;11.56;15.8496;30.42;5829;820;790;0.74;289;20;33;0.1,620,0.5,403,1,250;-190000,328917;2;0;0;16.5,-18,19,-18
z_1007_bis_serie3;18.47;24.8;69.6;9218;3117;530;0.64;300;0;33;0.1,430,1,280;-120000,220000;3;0;0;14.5,-12,14.5,-13
z_1007_bis_serie5;18.47;24.8;69.6;9247;3117;530;0.64;300;0;33;0.1,430,1,280;-120000,220000;3;0;0;14.5,-12,14.5,-13
